instance,ordinary_sha256,portable_sha256,ordinary_action_sha256,portable_action_sha256,ordinary_nodes,portable_nodes,ordinary_llm_calls,portable_llm_calls,action_tree_equal
astropy__astropy-13033,ec7c2a182b64f3969cd420649a39332d8fdc4ca9db98ef9aa1302595738e3567,1ceaf1af1f1a7bc0d8594a52ae4af392d5eb1b22153858d51b5e3f0df26e754d,bd46fb7c29cebb833b25be0a414dba098e1be0d58ba2228079b97163b923a943,7eb2f63c018ef439f51a3af7efbb080ed79223376a5bae6d14890cd08a2edc14,30,30,39,32,False
astropy__astropy-13236,852eee12e04f91df6622c5d258f0664ba599f78f8f53ac53f45c497a45e3a93a,dedb1fe829ff3affe5ac425fb1b95a21062667b946cee7a2fc9f38723ed35ba5,5d110ccd597db0e8cb068e1a728b366c2d4d3843832737fdf71fa00d2117424d,a594ac177d285dccf70a3bb8d91a3d8e0b74c3814d1438f8a94b7d6a6896eb52,30,30,37,34,False
astropy__astropy-13398,16f9f5615872781c45f8446914aac3fa817c623841888429eaf1e77f930f1be0,d1a94158e1f0cb02821ebfb8ace67171e8a46a6f6d0676c0bcf9173bdb840e58,bac313ff8d5356cc22f12e91422685cb898b5864414112a2fc1b8213b76d159f,bead4dd6294801ded05c06fe0447b239b14e0fe9597ff008772cc8236aef783d,30,30,31,32,False
astropy__astropy-13453,573c69763e24357f1b098cb9da02cb4aafbc0ee238fc93334a41340598e60fda,b0689099cb3f35ad09d377098ad6b9874407ae32e8b4eca080e46283b395cfea,240f33dee81329502eea0b6653d3501004e801d8942c46ac81678532ac819155,eff781956ae31894ec957859f8594c095702b8f13949994fc27bff76a4352f17,30,30,34,37,False
astropy__astropy-13579,cef33695f3fb1a4b4d5d3aa227633df118d12c3e259757634e3d1c98f787e8d4,4e080b960f677271f7f2ec7b2fe0c71539ab3acf5d6da3a37f2ed92d222c290b,1104837a2df1c4d00d5cc2c07c8c9e0199f0295e855910e27976edf35f838407,3bb6ffdf6433249fcc16f3559f80772bcc6474c6ff69e18cadfafc6fc9f5b598,30,30,39,39,False
astropy__astropy-14182,6a2ec43f998991f89b4f9e7f042f02da2d064fb40d66b76304d8600d29cadaa3,fdccb5940e1fccfc4c268cbf3f311d9da07e33b2c6bb5ada7f4192df89965499,faaeb51574c055cbed38575b31424900f67924ddc0677bc55d582c226a1757bb,451d237cafa814eb060873dff5965b4e504820a435d7c4908197f017d2e1721a,30,30,35,33,False
astropy__astropy-14309,34b2920fcb538ac971143a99b896006f56527984f3c15d16630f428544287d1e,24d1bf809cdf94146596d1119c247b1cfdf02d4017559a22c1f0809babfe33ff,e091626a871a523d358b3bc91b82f7ab572cd265e4ba17b54c7351e94f91ef9c,f0ff902139d18866b186c1349335d550b1669844a5bb935ea5887d8441803b4f,30,30,41,30,False
astropy__astropy-14365,614851db294d211bf8ffd75f5d546d1a785707e1bf0d4f1f10e5c508446b3b19,4b11df3422d157dc1dc7a6f5bfb949182c68d986a4075ab9915d6ca4a29a92d5,485a9c9db6ea60a0f4ed1694b265541370aedd771619c68fbf01c313a33b7093,a346fe12c0640c9b5b9ffd9b7bf570cc5ca0cc8b7591bd7a752d27d65408dcb9,30,30,31,29,False
astropy__astropy-6938,6f1d5b3bf8ee1558b63f2c21ade43c221bdc1c310ffd038651528094e7138d05,5c05df8ca0ce9195e0ada02151d74e3b8f57817592f1a6b572cca1d155647374,31d80f5dad6882a97c1da3f2a1082226696dee90e29f1304241a6a0116d2c9df,1082c0785bfeb1f0bf4f5f3e823a54f79f083f33ea7a310f58f77ee988152aaa,30,30,29,30,False
astropy__astropy-7746,1c820819bea5bdd29f76bc4865344203b1fe20ae713bc6fdf16acc566b11155c,bad56cccff3f88806eb4edafffd62d7db8d5b4bf72dcae6c9546f8caf9477563,831e91fa43487be250c95110ad17491c82b94ecc5ebdd51b08a5d208ac26bcbb,3fc8886f53540766a6b86b15e172c87016637fb557a380ef0d5c31fabf7d80be,30,30,48,51,False
django__django-10914,a323767c4cc8974abcb695e921fa8a91538fe9056159f9000d4779055180a9fb,a0fdceca98bfafc35c13212b4374254ab7fc5af6235cd0ef67cd8c24e0da57cb,0344376e33548f22104967555b5468c34445bbbb0718cfe5b115448ea594b9db,48da4a2d7a1e0f0aec85922f5f81f833cf32ed6db2ff79c324d23096125f71b9,30,30,34,32,False
django__django-10924,2c60e303d1c5de0d351bb43aca3d31d63a85181eeba02f2d1b9e6ce70d0e8dba,5ae718c7059ac357837622215f0f7f020f96cab8ab0de4b620e20fd3cadf66e3,aee952dd8a630e61af4fb0ae26649c55b9509a33fd97faa5aa79fe088d42c701,f271c909d323c3d58536dbfe2f8044d956fe2f01a6d1fbfcd03032f5d76c4617,30,30,31,32,False
django__django-11039,b9b7d21525f1be7d2b4888d2fa4ea77ee559076ccc1e1a6d70b40e86f456d78d,86e825b39f5c243c1303aceda8c2a26cc5ec43f54efc88076f81b891b874b5a1,8e3b85dd22eb2dc42b292ac1000bd38f5168d00b7bde5f723f2274856c092a9e,ddd89cbb288280f2ac950a04e66dabf067a26e47c77756ab02e84e2109decebb,30,30,32,33,False
django__django-11049,a0fc05a60dc19450417a90850b33ff5db234b08a89adc9f128e09e303366327c,e62dcc0cd1b4a28f5cc7075e658704ae428b150f9f094dcf38e18a90dbfec42b,aeaca9089259c1edd6b2b1e328ff518785a0accaf678ef4df912c96dc4ce8335,5d9ba7b275d422950417283cda848638c5e916b19d6deb6ee0e3b48f077964fc,30,30,37,33,False
django__django-11099,7991be5c2e380cec05e09aad5269f8a1c8f038a8a76d985f9767979280b44ed7,568caf2c88b2219cc38f8921ed7012dd6978c56325d1b6b158ad26432e5b27a1,2ed5b8ae675e16cd8096eb467edc46474369b7da391cde622d7c5620e0088aaa,3a844af5f272d027f706c9bd330477c12def926ed450c2f348fe1317ff727dce,30,30,36,32,False
django__django-11133,e2bcef1725a9650ceed6ea18fb40c5c585153b06c22a043f82d973d326ab9fe1,c314a842aaf58072d5c2190ca14dcb9b4d14969cd1148318eee550ead073cf60,4f3897ffe5e3efd4f5c12ad52ba4e7a995f6373ad2ab7a5b902a7a611128b3d4,473b07f79d74a10d34b1fac493176403560e7a5a3fe912bf5eb922e28c4c0d9c,30,30,33,33,False
django__django-11138,03f0cea8fab07846ba7e6c751d5b83a89bcc56691035512a2f2aa0c7bce7e1cd,3698231af07bb7f53ae0786cae79cbac802558f4ab42145ae032b700b562f1ea,0eacbec6bd751e0fe93f121f14a8954d27b69cefee0cf72404df0f075fef36ef,68a6e8c62e0ae36b006e907710ffe3cbebb866c3c353f16735a35a0838d38111,30,28,34,33,False
django__django-11141,b8d7f7a19458fb86be5bef68cdc1acbba16a0de5f28cb93bb51d17e4623805cb,18d1cbfbfe8a6e6ab25409388e6d95a9644a76abfdfc91f5d9a1324f7ec1d058,b9837d5cc02c10f4d11d475d52c643762fdab103015d08a4a4dedc6532d47b5b,384db8f5f67b367a0418ee4b39d18302a026b5855a214740c30a8a5b598135a9,30,30,34,34,False
django__django-11149,a2d6073b966cf36bea148f36ffa460db9d41ed58ee06b58567a1a7c63449b70f,7680cba25094cd343d26d33bbf140210fe531bfe0a01ddb4ca0dc4a7b77147d3,040826639face562b85fdd2b84cf3179569ba733c0e2b1e5a73abc8397d77587,ce097a1577bdb9cfd799ad4d155678ddc939b6155101dba6432c1f933ca70d89,30,30,33,31,False
django__django-11163,7307035295ea44a6b6e088c05a8c3a9252bd05f8d3d7904fe41695c9fcd88b5b,0b6ae1bc517b3545b2c4c2eb6699ca5759fa2d2b4592a2951058955fc1ec48fb,64d358583a440ce6824b04b4e1ab4a7aee4781ada53341711b0674dfa5f36e33,28dfe4ed4376fef84cc31d67c344a31c24c126622ca2bc29ef9e21398475a3cf,30,30,30,29,False
django__django-11179,c96e0cfe2fb23b94c65a9f74d1c90fa326603ece487127644107dd1ebe30f472,673bf3263ed5b167fa4846c9b36e0e31c3a8647188fd82ec1032061e5c206382,93ee9913f1318aabc9abcc198f69b8d91899a8b3b287844e8d4f09d845df73f0,1e6cc5cc01252248a0501263f7a040f1956f5def2343bf402566464127613cda,30,30,36,32,False
django__django-11206,39c1073d9f842047acf9431d0eda7b519852c8e06cbc667158d732d251975649,1c9db39f9bfe263c403de39697f223a9f3d3d23cd3b22b6d442544795af1402e,e4c707984baf9c345ea7514d2e896822920679e2e5588ca3d286db17b79279ec,17a23fd54653face978cd4444b37862b71bc4e8993d707ea8fc85731812d405a,30,30,31,33,False
django__django-11211,907124339bccb1cbf11f979cc0121e54e8efc175269a856f7a6dd3d6e0da4445,23b3e00d493de64a838f9889ce11afc6c05084d38db1c2c940416d010d993639,2435c27d096068307ea9ac166e4922c68b23163aea6ebb1643c089d69c9398f3,965c8be14f2efd88480a75081e1402adba77acdae418638b626c16a25a4c7066,30,30,32,33,False
django__django-11239,fe9a20e24234af53a6e82ad774c1efd4a68527014ed80e45519e98ad76dda77c,5384e1ae85ee15313a803de015c029ac7c585e96693c8313d0b2a893c73caaa5,2fb4f36339b136f75383fbecd622275e4c1b8d27d5cc12f3a83eeb975b505a40,f0b4926c6bfcd364ab26f64bd65f1e4d323af0984266475731e69ca268e0a377,30,30,30,29,False
django__django-11265,ce7e206a33c43bdb84d897c7288451ce49de027283f2ad5a759951ef7df4b2dd,a7f75f092d01e4182dfe8ffae6be70b733b7dfea4c87e0fb7e6c9b4ad5eaedab,4a76fcc15e1da2eac3cb06e6dbb2ef9f60a2f6a1012a4dbe53b9becfb20073d2,6030fa49ee38433cefb9229228c55105e685118aade5ca92d080bc75c51d8bee,30,30,32,33,False
django__django-11276,2af6aa0884c8289853a7af9e464b0b8105f02badd15f4a9e4f1d6102bccba91e,0fc57147ab716f7279eaafb6bdb573b07d6184901a3dd8f121540379e11e0940,807f329de6f8072942f27922db7ba7c93456316cd1cf7b7afd8a67b9d03998d3,21bd924cb98f5f86bc9a10bc940cc58abf8d6d4dc3b2e4d14590bdef5f53905d,30,30,30,29,False
django__django-11283,7f7c8f29a3bc2d23ceba3b3ccd7830039a10af4c355262ef1e134f6adc3a6d7a,7d5ae2341ba2f51c07f92cd43f830883861d609065566a6be05b69c2ebe1cb97,261666a9c0026fdfe787cf14ed2b748a57c3799fd964b151af370c94c063c8a4,6aa3cbdf7ab2dffe64014d3b672d483658143ce84389fb11490574b37f4412a0,30,30,30,33,False
django__django-11292,e4921ad86ea04b14cb623e58ee592d98e1fd2574a4e330ad4cec76fcee90375f,156ef1b89e653cb0eeaeae747bdcb26b4ad8787b52f715ac61f1151e12d2ef46,c6b82617e67c5a1b3464c6b04b36ba073dbc80f583a2875d91e83b3c05a80dc4,e52936810954ae70acd5d09d627a74428e93b13c1ce8276587f7cd6c54bcde14,30,30,35,36,False
django__django-11333,b6d4473fa2d496f4c1e231a4096a5b5ac4e3b111cca7c33edc79df250ebf328b,730bff7222549138f3ec1d6a09342e03e0319bd0587ce75f7fb24df1e1c92dc9,8182f25279882e04f4fe1a48a26b3ceb2f637a908d2f1b72270cc4c5f88d0bd8,8997ca7ef0dbdf828b983144e428525757fb56e37d7dbf8e042d0b1798819de5,30,30,32,31,False
django__django-11400,7d77cb3d4a9a8f1f9e987048adb13e729d506fbae23189f261a90401fee77bfa,4062395f5f04604b46e873e94522e03d535b6d0c42f82de32308009efb49b3e6,59e03278d598fcde9fb9fe686b3c16bbd07181e7fc5429282ef4df2723e1f2bc,d0b666141fbda3b3f8ff561f7ea7bcbb5ccbb64c680fda04134c0a8608c70302,30,30,30,30,False
django__django-11433,44164fea75c145cf4c8f731408781eea687335f35e67d5e4f87bb3e7c5341f4e,20fe6574b60193fe3dd350018fd3a8d15100b098f7c3b319e37571138204bc9e,4b0428d2eefe9df11716c02f11ed2313ebf49aad147c7dd8749765a8193bef1d,3fd58cb97166ae2dcc343d44220c5d1849db170a30bcf7cb62056a998d876548,30,30,33,35,False
django__django-11451,e7bcdf187bac0385a0af6d47ece9c6c7e568cf3210eb2f2851c5fa54d97be308,35ff31c9f5ef1c9f36dd404ce60fafdc9c177a84da9fb29ccda2a04c26878afb,0e0f6cb62fbd8d799a042836dbd9e926a1c1619e3e255be7a6ca3a90f2163374,68531c19dc4818960845fcb66c952cf1b3ab5a13d12faf5f0e11fdc4ad2d0fe0,30,30,31,30,False
django__django-11477,ff2caca0eda1535b802f80fbb6ebb132d54fcbc001afbe6abb48772002709792,3aebee7df69ecad20b6393603ef6777e423a56397fdf223c85947224746810b8,febd2bc6ce460cf30d0b0180d29266a06b2d2ba3d32a6afe1e3ef54cc0665f70,93864dd882087e164e3dce2e4343db7dcb07e134c49ec6528853a52bc647336a,30,30,33,31,False
django__django-11490,099c6ae823d009bdbd6f1a496b3dd3d8092842c18bc9892d1b70592fac7e3073,f541e62a53a67addc258ff2bc4e87082bd4e0c797b666e994aff9668d69270de,e91e051065105ed3e550ea0dd7a758aa00060de50441c59eeb9f5f5596bb59b8,e432c6a79a4420ad44fb7a27cfc68f61244de010374707ead1ba8a77e139ef3f,30,30,37,39,False
django__django-11532,78afeef3cad3d65ff90730c49802cff78f94c9f8b2562f61d59169acfd6511fb,6b135f6aae935519b180fc702bbfc74e443ce1aac58b05da41878ccd0c398a89,ef279f3b3561449c66037136151328b5246097c21b6d2e074c64e85d3225705a,a698ce98dc26ed140131d323b2fda885301c8a737fa473a722b35785de67f80b,30,30,30,30,False
django__django-11551,b1ffda0c0be7e627f6ca65a9ad1212937be669cbb5175486db29f868d4ecbaae,a3e574be47f58da149387995dbb3f524c65b473f8f4db4e4f49a7429abb4a53e,346f5bf4092f860f9dd59623562f526ce10034077a0485bf703c3f61375decfa,9290faa80e9b98090d9b99f6b430bd87140cae1e71f50d7d9daee0bf55ead7ad,30,30,38,31,False
django__django-11555,0d847daf248d3734f899db964e47b1b2c4b5e9959b063f26d3d673c3d568fbb3,cdb50164b2441c69e7c48483490ad99992043ad9dbbb3e706e6edd757fbed969,dfa22fe82bcf63a51394af36c0fd15a03701f547cf0b9a11345435502c3e2dd4,061fb9875f6e54245ea55f272f8065adf83ba3c2e158503c7d9dec5ddbdddcd9,30,30,35,36,False
django__django-11564,8f8cfa050eadf1739656d3aba281dda753e28d8a1852096cfdab67d34b39ad5e,e7ed575f88df45ec7563677ed71cbea31367cfd9142bf719da36359b28d8c33c,ef41b5bf9409cb3d2972b5d0f442ea55f0447927838d93f9aa58db13781b914b,613bebbcd3bbd15764f291f45d9ffa8cd2e2a946129a6ced770bb0d8c173d327,30,30,32,30,False
django__django-11583,928c8b440c9f42963d4d8733a6ca7017da561cd3218157a97d20ed017887e26a,0d74d8a847538924284a794ecbdde6d835e4a8fde5f22af43749c7643052ba6a,5807b30525382409b0008e784c97a2404697e9d8abad5cd3cba432f2464cd5b9,756f9c237fee50767ae361f26e31bf9d835184227abfcfd9e74919cbeddb46c2,30,30,29,30,False
django__django-11603,a856d91575254691f95df3edeb57c351a1d4e0b82ccd7d4289b342cb37135dd0,0d77ba2cb18404ac239092ca6e2f3546a5b55ce842aa35e13f740b27f2555ca1,527e4ecb89f903baef65960541b8d67057ba970c8a887783d2a6b377315195ae,148e6968a0ad08a6712994ca5c58b85f9b362a48376ea361c6aefd212f955f41,30,30,31,34,False
django__django-11620,a134f39428e853548e02e0a5b256a7972e700d299f1ffeab925541b6c689fb64,b6b37acb2b2cf5c327e09e58f7ef4ed5cba5895df6790d2597aa721185c559d6,bbfc9f7a2836f8fea7a6d6fb1967d5301aec8c10e950088409ac3e6671ff9ed0,4a23bc0619c731db0fdd7185cc36309a9d11ab437913179ff8efa4fc14d1e997,30,30,30,30,False
django__django-11630,4ee530fcea6b80c066c9d600e373156990e9f5659ce7e6c9e49ef59ff2d3d3c6,4118e06e49186d39498714a922ced24b5c4ff9ac1d514c924cf02268f72a98a7,922c2a9fac623b9af735fed2250cd929c1cda1c04ba5667b8441311fd1a8b4aa,f4a20302392d06acfe07c373bb2167da02ef2bb04ef3d6686e7418091c6306e6,30,30,34,34,False
django__django-11728,a02073787b5733a78233151915f6b0f025b2b23c92ba3c88cd4beb459feab539,76539399bcfe665a104c535cb47f7fe7db510149ade633aeac66ca4bd03cc854,ad246d03af9c382dca3e2338fe0801e9139be2f8f56a8412cbf521d08d82c5f9,68309cbfdffab75d1bf603df7ae40a686150109ef618586539b88bced3143e21,30,30,37,34,False
django__django-11734,27d07a3ca5b75be31287b5b2bd7ffce75553cb3e029a01d6420b2b25a22d47fe,2adfaeef4212d71eaa27f12d95a32fa2ac665457d2c2640bab0a62c92387a8b2,c5b4e8024bb7eb7a9599428e09bc2f59bdc701e8784d31a7f23ec19f6c3677d4,2da274395e8a48b09bf12ad7318a891d79433bb3928586dd33cbff0e201116c5,30,30,33,34,False
django__django-11740,ecb87e9714f8cee07807a6688f70ac405a24ab9f68cc43cc0c89afbf07ff949e,6e5aaaa791c88bd3aee53c28333c9006816d79dda8643b172c8141bf379c3f5f,cd125d844791c236ac34560c13f78e8f395b18aafb90ce6dee88ac9d05deebba,4ec403be56fe5fd60515ea9a6014e227c129b99e880b31113c0c0fd163475287,30,30,41,34,False
django__django-11749,375045f08eef3be3499596d208e48c10703892a5176a2108aee064e00fdcb4a7,d2bd8fc73cea6f8d7bccddc563e92ac451d0ab2ca21d3e569e185d8e2bbbffbf,13c38a521af925512247d42cb3110ee1111b7bfe5ada7802c3935754f91768b9,26795d01424a100bc59ae8b5495d3229d8b899fe4dbb6febaddec0185c0420da,30,30,29,30,False
django__django-11790,7ae08b55abd60c1b9d725c934a36f3480b3d8e0f47012197cf50f43cf07e4e69,8eb24a246e2aec100ff6c54065bb4157d4e10500c07dd3b6cf2a18eca2204b92,aa592aec9dd2f1a07413d091b49b0ee37ac40643b49aabe9c05b49b8411d63fc,e42f5b6d72ff619451ac2a90a6e3f0d534d1c51503fca261187cefa15e88fbb1,30,30,31,30,False
django__django-11797,03def5629e6d9504a84ef683db51c9b53d8489ac4012ef1ea6315e72dd5a82eb,e17ef8ae209c9ad12d0090cbac6ef17d5db24e6d481aee0b4328f0a1848c8119,fdffbd219f09cd27d769229fab89727474abbe161e2a60eebe94894d452e6337,5f85575dc7626369829d474ac3040cb75bdaf1d6e99e36cd3d11b794ecbc047e,30,30,36,40,False
django__django-11848,63b202cbc91172a16fbe6cc98df36a9c6c7d4ae87671e3b96db9ef110af64ce3,3a06977aa24362dde6044304e0c1ce766eb1fca2719bc10f98a7eaafe04d9160,ecd24f36e2b86ed6fceaa14fb09c08eb22f5024475a0b76edbe3a780a1604cb4,c223ea3096595bf72459d148f912ff1eb56b9aa1625cb4933180732c09a3bb89,30,30,31,29,False
django__django-11880,227fde03e67ffb47a3f82954c46d2ef130bf81cd467c2b65781852ef18187efc,561cbac2a03dfb386eed577e30814584963a5f63c78bf5939e93ab7b48214570,252c8033440bbe9e7bf54e0950e4b6d43a44a6d1dd655cccc0276bb84642be39,cc47c432fd563452fd0cf5db0363898d9e9747e6b00b7b3d8f52c356208a66bf,30,30,32,34,False
django__django-11885,3ef1144f929edb29d3aa5c25ceb7a925d191a51ce575d4243e2e7d26a4d84298,571199d1105dbcc7c6f9c10fc7fcc3d3adde2db532e7e6f4bc7bc4b101d065f9,d3be58bf29c7ef44ad103e6b69fda5dc1152984127c8bd74d39c9f763129a1a5,31127bbcf72d1227c6c45cb372a60aae760f9440319321aa2df3b71552d2e2a0,30,30,34,30,False
django__django-11910,f8a98ec5de793000d9919a166d430600e89e4fb9f83dc48c277b3001a67d10e2,ba384324db0669e14bb08b2741945e06655886245504db120ec3f1dbff2ed426,23c2f4c3f365ab3144e9805ff5dae5b95293414dc92a780c626d4cbd56fcae32,1ca33c92b67d862b8310473a018e20bf8ca3e7b442861cb4a36306beca8b7379,30,30,33,35,False
django__django-11951,8a88d090f1cd2190ce94ea06b09cc9dcb4b7220a4b1db42938803ebf177d518b,35eed1f9808d09ea67fb04b884935afafde23e3a63714663b132cc2a35f677a8,1c0121eaef0b2c9f8bdbbf182158ee130c9e768c57ccf213a58c1e81798494e6,ddff381e68d6e1ed0691add98d2965c4c88d4990f28d9425d0e9845f4525c3e8,30,30,31,30,False
django__django-11964,59bdb59949e1ec651462a23a90fb3bec4ecf2ef1eec0d70e79bd28353976db03,8def36ff16c323df86db961de1866b4e80fea714c3b07852ef0f95fb6e61d707,06bece3f6b794cbc94a8048a9c0585ab6f8a5edbb7106d2767f9e2a8503af75a,86a95bc0a5d910a93b93063d9ce528554739ce3ecb493509ae11a457b9d691d3,30,10,35,11,False
django__django-11999,38d7873adb50c12eebaf62321445758a27a1f16e7b8a36fa773dfb1cbcc9ddc9,f4dc9d1897cf0d83880f883d0833407b1283a47085640e8c7f2d7effc6856efc,1cf6a0416e88bb1f6bd835ff8d7fd79769d023b3dc4014a97c75fc5090658c6c,e0d298b26684cbc285f6151d3a4d101a5501bab9ea4f88168cf5060fb751dfa6,30,30,36,42,False
django__django-12113,464a7acbc060819f3e47d989fc5e2a6a839184ddcd71300bb01fc591470d55e7,f96467fec4bda356a01c3220eb25ca4530458e8b9a00cc77949d384ac819050d,9c024c332b70c3dc29ac2ffdf1795614619a1f839802f1afe91055790347b66a,57970376b6ce8a3a4887c1a14aeb257dd150a2a7bed716a56f152e4dce4597d4,30,30,31,30,False
django__django-12143,6a0867c4d964480df8d4e5e8f46c6b24cee239fc36861ba34a0fe43057dc72ea,8f7cdf16faba93e766c8cb55b08c357ebc77da016887ce303daeed6c7c50380b,229565fdd38bd85846c59341f494f9e3027b911f00eb7a4a1cccf10a2d56b3f3,dfb7891268175f7f012822b6430c9322e7a4a9c3fb6dca7c8ac25c2f117f2e70,30,30,33,31,False
django__django-12155,2a25c49341dc9a402f0e4c03a6a8c26cf30e9741d2db94aa918de9f90f4a55a0,72c8a46b3f9ef7af4dd2fa24076e09661b9050b9bfed38516316016e8c33fdae,bf1066250831fcc926936b5a9979be69f9f7a5211c300b30feb610c2b6c5954c,ff5ed081ff1291f6d804201fa8942acb91bb713a00491f8094e641699fc79441,30,30,31,30,False
django__django-12184,f4d08ec2f5350b0aa9ad7f2824bbd187f02364c830c27eade3433ac1e9d46072,4d102d91a24318198bd024b2497dd5b2ab86741c9bb773e787ec3db557f77287,836e70ec1f017340b540ee6f983db48446fac70dfbe6b8f2f27dcb164ac461bf,77e7686dd1b3b9613d658f251d2ce9260005e23fba7dd4936b4601974616ad40,30,30,33,30,False
django__django-12193,8cc88d4f1a443a6c2ea63cae1d7cd16259ff48f6f85a759e95f074a3f33b8f30,1ffe90266a2f596b04e32049405f7f2c7ae51ac14fbb6b75ab84407d2087d1e4,8926272adc5d0aaee414bad17c9f0a1b11333b15de6b307f4038194ae6ec113b,59d41ffcd5f70d1c9dd6fb3c980f6c19e0020007140e1dcfc19568e599f551f6,30,30,33,33,False
django__django-12284,f9852cb0a07443fe1bb23bd61bf8e024c6ed429ec102bdcd83971f9818ec4996,1d104b04edd3f1824f459337f7c533bf886330ff9d515e6619b6b636271f4fc0,4d34d7bd1cd88a17fdd124921fc36c9160a0ea93104ce5a7ac9d624adbdca41b,e700cdc2eb953706889945f0225fe278d69cd3d954ca03f0d469df1d962d25fe,30,30,37,34,False
django__django-12286,bb2e75212825f78dcd27812d3e130216800847836c5d047fddba458c092f0f69,393bfff204a58dc93d021c5ae0ef76269765277568e0da79e4b33616ec1ac55a,687a9c054533d493712f804ed3ed36d9b0a72e887f8dbb4857d2d1f258accee3,127acdbe2a2da0f404fb92827b480e4eb7e0bfbfa3e441c7624eeca5614315b4,30,30,31,29,False
django__django-12308,f5955ec541ff5a07ff505adfeb6371abe60de623eb5d3182bc14db1c6a888b84,8e7dbcc39f165e9e454741e710523959a2a2044cd83db927e81fa0cb061e18a1,914956b71c280e1579420034ebf275fc46e3ebfa9a13531e03e094188e9e3fa2,9293aa8d1d49a4e6093cc2db3b70e77a1fcc0d09b61c50a96ec461a0f84b1c84,30,30,34,35,False
django__django-12453,bc5a3451fdeb5a402227b8d0746f8fd6c5f6bbfd6570f5ebffac7f8838cfec0c,f5ce15bf293edefb297f24271c5851ad937299bc5733b281cc90f37084e61556,c1caa8d521d1799986f5029871ec2b423df374aa8aeba410516b231fe586bf04,e0a611059b04f001e4c3309d34679868e53dedfe39f720c063a3d3d59cfc6367,30,30,37,35,False
django__django-12470,cab11ab147c074b163aa499a0ae7359624b8edd4e3c1d0d1410b25ebcf653f07,49bbb47ceac2249c3e722735a6b4746884182249067024364e7250e581b70881,fe2dff2e05be62483811c175a02fd2194e7f4dee1814ec3596b84bbb2eea1048,b9dcf2bdf59f80df53a2bdf5e1676b204956b2db9054492d49c676930651fa91,30,30,40,38,False
django__django-12497,810f5eb55f45822c25f1d0050e44432a54a4261467ed2d296469a3f3c8cfc3cd,5f9f9789910f118cd2db57aa96e4c52d82d52dc9ff11da6c94dbf9d3c9542882,99c6006b34ed65184b97f85ca9b3fe4ed3ee232cb75e15a27c1c723927cc19c4,3333cf848e87a803d9abffe8dbedd6c22197c909eab982033d54cb984b2d2876,30,30,34,39,False
django__django-12700,baded8847ab5e704817a3ea793e284748b81f19a689d0e1bc91f9bb5c6a2565c,49ae8e3c349e92c005684213e26451539f28a5cc8f9fbc9734c1d6b1d2be919e,9e0a12e11358040e850175b683eaac0860818643a6cc8a3cc712810e16656c5f,133a81dc0e0923a865d14ef9c84ce0f70f7edae0c456a5cb842054be6f0b29e6,30,30,31,32,False
django__django-12747,4b99bb3f65cf8340b08695c57977f36accf7b5c4e6348ee2c3872dfbe67885be,147763277524f732acdc5fd620baea28b6479ee7dcf9ee26635fdfa2dbafe141,4613119cd8c7958067a708f35f5450099faa0192427e05866ae8165e52bff5f0,bb2e84546e6d2ad190e2bf3e5cfc62fe1b4576a123300d376605010e487de9fc,30,30,31,33,False
django__django-12856,f681684060301b5b7730f4567e44a2a920c4717a40281c439d77205b96bff465,4718fa42f8c20bd4a9467b31793b9f5865d6361d234eda8475373149d855f5d1,2317d6e5fce093537a19494c5825bb4fe31c8df3bea22949b22eee0561b3d16b,b3388e229bee0713f6bbbfb7c654908a99cf10ab788653a58c42757a26c492f2,30,30,35,37,False
django__django-12908,41fbd8be39dddfda0617144837e7f5c6dbc91e6821e034dfc3a0039a9dc4e4fd,f0b4fd0ca4d4a6d85461a0db0db835957e1c6435fad7930963cc945699564775,17858e26bba9b1d56a11ce6febc3f9ccf6a2a6bb8d0b3e4e8e9bcef268a66d01,1ea6a34e4d93e3e4a58bd35b43645294684388f7dcf1ca1d5e11d2a082b1e7b9,30,30,34,35,False
django__django-12915,c376def5f2f2f2db1dad48bc72d88809e9e5641b29f0e36c5b2e8a29884bf01c,6f9ca2e51a2c792e36f434680bd9306ba902e0378d4d68c8b5918f6f42c83ff9,e76e0703bc7ea4f6a1fbe7fd0ee6b9b1ae097b965fda12f034c24bd7040449a7,5260d2e809d94131bbedc048d7095fe110a976d6b7c7f385ef15a21daf4a9230,30,25,31,26,False
django__django-12983,2d00f1dec49f72d48a27ac46854fad0c1d39e6b7f41379f9de149bdec0e66a2d,1cc7f980cc05852ccb38191b044cbe5ff76450c4ddbe394eb5604a34111b2931,6782546859d3151b79f9b602a71c0dc28e53978df59640978d6a9a2c3e831cd3,d838ed4c403edf496972469832584408f67edd882cdaac6237424750c14b2307,30,30,33,31,False
django__django-13028,ba039c207b05e72550ae655c0378f6ce520ef8c4d743b65e50319c5acd3069fc,8d40f1b1a3d70d6023c404d7eec0dc2bd996056c092d603ebef26c8922b82e5f,a5f93559b05e47b34733299945121d4eb770a69062a65d01b1a7c82fffa8a084,afd32e8080dd9609be3f1ae27bc87eb70ba6ee0f6c149daff4b13a1a1a625e23,30,30,34,37,False
django__django-13158,334d4abdd1f786cf9fe7a291aa5edc6a75ae76030604f346af84aaaf7d6af680,5b511cadc243ef47492f866b498becad407433b316d56ddcf31b80b18d2bf589,cfa71d92f362ec54ec9027f96be1d97cb84cf9d6f07cc4f73c8a3f5eef4a2ae2,7aaf765dec12700e22a3dc181fa6dd0fa46c1548021794f6aa4b18157c779f13,30,30,32,35,False
django__django-13220,668853d90e6af85c55494ebc78e41dcf8896ec004c8bebc2679d7747b411b7ca,a5a2051ba7ddf65331b73a3f785b86a8d1f5b73d5f9d0c67edb2945127ec69e5,aacbffa84bbd57e38246817657d521d10a1ac65f900c4c0a125d826d17b3df42,9a875667cf69fa46a0173411f93ec2e7880d611be65b33cbc223a73b5d1ebeaf,30,30,35,30,False
django__django-13230,8a7d0b6293ab882dc74ac3432a3d5012974b95a54def60d8fa187d143535b5d2,420b7a17ac148135eedcd4586d66a8b32bb25f65032042d46a46982ff4b02c17,1d0d37c819ef67de5288171398cca14d8d61566c7604043cfba02376c48a2c3f,e4c1a00ea59975ee0c447f2cc2d73a00bc808877546af596979dc2aad26cb71c,30,30,37,33,False
django__django-13265,1ac7af291bf9def803252e6cde38d04745efcaf8f1a61603de8de19ca235fa52,6fd84a61a394f0c9ba53faf8386bc7c37cdc516f7bc1667d3d4e66247bfe817b,aabd46f6eb58063a29988bb4d276a30399f8ebdfaa782319347d8ac5468346f8,a4eb8f1694e1f3206026df522d92bcd36a1324e8620dcc4c878b147f13013cb6,30,30,31,33,False
django__django-13315,98c99d71147b3cf61d09e3cb42c79e729b4d1359dd992dcdc14b045517ddc5db,af28a7c4ffa1b86f3b4ff01521c16600d826d3e079c9986778fec35fdd9308d6,ed0ca1cffb03ba3824bf0e9e307c5956a645f482d88615eb8d78af2b988e0ef3,aa0c0e6ec052f2f5eaf689406a89751d6c5efb9983f362d0ef4093035e95e1a4,30,30,36,38,False
django__django-13321,9af3ee7180e41499c1ea40c68aee854bada26c3321c3ab04db13223ded021a97,22b06b0820edabb10e02ed3db6ef4205817c870430043349f9e581e58fc04b7e,b2bd23b79f65535cff68154081060159c15c34927d461b1fccfa28acf1ffff5e,baeafcfcd6a50a73f15b182fbcf4398c2a2afc5d1c0a212a0119c02895e1c353,30,30,37,33,False
django__django-13447,faf1c5d4acf70d165d5f5ac51721ce257ebe5099d3f17f47340a00e61f7ba977,32a29406ae491a97d57a6951db4e42d57a031a06f27d1be7f0e2c38a8b22896c,ce2570db4ae578e85cb21db6195b76daeab7fbc2ea3be0849850a493e0de9e36,62f20e3332938b077e20438c65e507105f0adf6012ea4ca252f5fcfe40d171c1,30,30,36,31,False
django__django-13551,2655649aece90c165d112665a8b817a590db6507f14441633187eb73421e83e1,c1af7bcd8cd585d5e8ed0176b7d06e197dd065257d6e6ffe638db9fdb1f53eb2,8e7b6a62a80ec12f9cdcf8d4dad11bff761a45e7e79eec0dd270ef40153f19f7,f8f7ee480b7e4c1cdbb534737f6a40de0f0841092a71f7a5d87558c4ddd8c44a,30,30,34,31,False
django__django-13590,633eb6131ef188dbca63ffb52c9d65e0dae7875ff658f7188182e3315eb9b120,4dadd049f5b9d748c0c158a3f1bb1a101ba64c82ee7c773cc7795ac687b7d8ed,990ee3f113fcc29e59a38301d2d60f6c2ab5456c849d23fd3e2cecb3d402f73b,19662c5cfb025f743277027508de50bd0a6b6ca6403b1aa39c11717de97b9386,30,30,32,33,False
django__django-13658,71077fdf55093d8043b5f46b026570fd2c4f1e24b65222d5d77b6fcfea59ef84,c65e0f9e901ca140df00a6c38740c2bad315fc88313098cd4738a31972903418,90f10431b857c6a91ae8573ff1667bc7a89e20f72f6e7e030d5eff78dfb3a2af,1cc5ee4b5efa023d80d63ad47ec5e051bc1488a6e59a5717786e9bbab0f290ba,30,30,36,31,False
django__django-13660,bd97cb85321ef0a3803a645d54e20bc5f12283714552fd0e7f03b1aa137684ec,8b3689ab6312e352a99bf13506cc0ddb1e9a090d5ad64d990f42cf2b497e024e,8527a17b36d5cb9d7d50b9c848a3431b5fc906b27daacf2533ca717754d876c5,67a9bdbcc2d2346903d4c03b1f3f7623f96786bef64b77f36f54c9536906160c,30,30,34,29,False
django__django-13710,8e8e8474065dc97537f9a25d3572387f16455ff1407baf54dee19b6222261ddf,bbb3180eec31572f6808d611ab19cbf81a6997f956708f410713355b37c37a09,b4afe7fe3334a1bd31e8631fb4102e1787a471e0ad68d1e15e82f838abf9ec51,8d2c5d14064fe413d414f94cbb9225dc5ffe58c4fc27783e53b64e04f1717831,30,30,35,37,False
django__django-13768,49f214c64374d4b6737a819e8b08c80a04d8fa6d09aa9d1fc8827ea2568b24d6,a8297924cd3719cb00e1ac3021242313ddb54175cd29ad66e120d9cc92032b1f,b2614a254a05f59cd5628e23f6da09638f5e1cdb05b3eefa664a3382213cee1c,7f92128e54e75225a0d900b404d3b695d729720091c11b5997ac7e9a0c624c33,30,30,32,30,False
django__django-13933,efa706e72860706a631c5ca6fbd13a6bb8bc2aada035972c8b7a2f71c4ac2171,e86f107ba024fa8cc5182afd65ea3cf06f7aa6528a9e2fc2954a9d93f9ab8240,4b29efe1df402582005f38d4bb820a88a6a7a144995364d0b251ad999b086b94,b87eec819176107646764aa22e54ac67c7826fc249ef437deb879329c625e948,30,30,38,31,False
django__django-13964,d6a992514c5dd97c423dc23b4ad0b9e14d28a8e0b0528011ec464ef42168ff73,56565571afc36e2e7272aa2a5ce163867596f9c8ba0fd15bcfd8a0d995eeb050,e1528f15d0d3b6dfb615f24ec797d9a65332f4c4062305a4eb565c4e18dab1dd,c3ccb962e9851165bceafd013de7bdfc121b42a1555d40c9a1425ffa082d7d8e,30,30,35,36,False
django__django-14016,0941828ff61acde07ecd741975a442d434110af641e6e678b6708e1aab0d8744,44c2a4e825acc560843b2bd95bf81d1655346b7833ffa9c94039119ff1515dc5,f48512c75e14155f5b08705c8540c51282721928ded56fab77605c6a741af689,3a6fd2fae256851c8deb86809b49311749f8f817c0624b4b4444914af966ee63,30,30,31,30,False
django__django-14017,43a7d80a5d1cdd6fe77d74278026f2d851b5d068daca0185eee81341ff912c8c,e11547e3f8d98e51fbe9ef8fd147f4edbe33dc0d4c46d61041c74e827183bee1,cbe02c0e31e4230400415f1547b28c1d240133f42f99517481794f1d3122ba4e,93ec7ef2d189fb8ca1fa0f4c165391a410145599093d36f46a9e323ef8ee2c42,30,30,30,31,False
django__django-14155,39d99dba117083282e438e6374afe57fd8ef6311cc2385d6e5e320e8990dcf07,dc067a6c62323a368239027a8fac395726fc79fce37f4b41977658acc46ed065,f9d8cb3d0cc9a4463db1be96210e7e8596629bcceb4233d9d9d6836a4534ac22,ad752df63148c44d71bd83f1bd5de9c049a4d2acb0952ba7dbece926a1b3d370,30,30,32,34,False
django__django-14238,0e02231b697a1f672a49e4761495c14a7d2be1abc5aba7de45f752c18215f99f,c7ecb081dd18f7ccc617a3687f844660cec175449d1e528b4404b7dac41ee609,aea558e82f91663d531d049c51db7f0e033a60856443119b5b9c84d70158c4e9,fbf32fb2c4b9f9653dfd045e1010d00d30318851e809612334449db6ed54f579,30,30,32,29,False
django__django-14382,8e1cd0f5a519b2e8c57ec51e73857cd28e130a0755d6329ecb854ee60c04067c,67c709af93b54c926bd49781d53e4af54f4128be57e961d71a5f821c2762a987,348ffe806be0eb535f0c79ced6c7d64044ad2eabecbdcb3146b06965cc705413,ca06ecfd1fe852fbcfeee0e3fdbe37cb0f86fafadced8c7c593bb671ad549120,30,30,29,29,False
django__django-14411,2f3aa54a8624ee0631f5d70b8590d6cfe489e36a2aa82453ee9a64e9cd0c2ac1,ac875996b6fd47b37cf78d615a4d2d5ba3dc7edb347d94f45af8cad582c8eff6,17f5e69bc2c9b1a9a122bfb1bb7e721ce6d15fdf50cd8f7e7f6494ba777f36ed,ca04cb5896bf2689c42df96f87169dc2f64b87eec35577d9173038f5a32234c0,30,17,31,17,False
django__django-14534,f81109093a79785c39dfcd2d66d55efaf6b3e7ddb4275ac3d7566031423fe6b7,20c281c4f177c4bab088537b013aaaf70c753c7bb16a3e718a2bc112280bb8f0,2b79618ab1cfeabbaea79a4edf3c524156677758833ebf6187c1a9e7b6ff6095,da5474c6416a5cdc7082f3c50162ea4e3c7a358c7f09315253f6c0dba571c538,30,30,33,34,False
django__django-14580,57c495ea930209dbd532a26c43f59ed43f00c7a75171a3b874298d8cd15570ac,c8ac18bfe3efe1f478782ade8dab2a8ee240c87c3ae4908f123507e73997dac9,71f9b230dd9fc0338487ca2dea18bb808af0d3609ed26f87fbf6d869c833eca0,2857dfb5ab75483d765fe13c7867d250bed1d7566d636a0cd246b54c6b508e3f,30,30,32,34,False
django__django-14608,d35908b2226a660641e957774e49fc64d07845021ac5d1e17eb5fe906747a19a,7c396c14c236f86837848247ee7031ca0b83a056c5b7250d02c50ffcf39d7516,28e99dd427e5df5bf3f88f98d0ea94e8063974a6091e87ee696a8e2c75f115e4,f882c392206e2022f95c8a4f0c98b6b7c8137084d62db5da26533ef9ae5a0921,30,30,37,36,False
django__django-14667,fd4fc2e2bbee4d335d8b6925acf43799a69470e01a0931ef8830646892b4bc65,7f97ea36ab1d6c19fa276eca60693ee07c7a04c0431ba177673cd6eb92558872,c1e316590980eacda8a456fbb617f9135b4e324d51e6cd0c68f74865403ad362,f089d262cc04553e9f510c01e0ba7ff2aa6568eb4fe4eabf73109ac40fc08afc,30,30,33,32,False
django__django-14672,29f166040b5eb6046e5ac075e7bd0bda867168edae3bf7cc8bddb08fecda3136,7e2d71f42672973c072f48dca8136b5213d58b11556c50b40665891b2e485eef,22b7bd4b6ed5e997aef8d1903e304cc8f83e14da12c728827484b2dfd5cc7cb7,a3ab1cb6bc93d12491fc839ca98240590a6d85e3ba9d388edbc1069ddc44966f,30,17,32,19,False
django__django-14730,fa7c68c25ad785ef7826525a74df13627431a981da5efef91989fd9de2f9e57c,2b40105c9de676968ef8dc999ec2c8911d9e45e48f10a45e9e699fe37a3369b3,e1ee6be6d33955e2331f910eb7070fb29cdc7e60fe8fac3e5609f8d8be619843,2dfa716a05dff56968d0b27cf8418d872ad0a4a187e7a3186a7d3fee83cd1f29,30,30,35,32,False
django__django-14752,020efa3446ecf6d04555dd4b341a8f3025328c8cdc4dee67263c7dd3bcd98f90,b7e04825f9b95f5ac0e83b5e837d85f18ce3a23ea02c576c482aaf047cdb140b,52a77c0e2526d6fb42e93bb48cb91df328a960dacbbdbf9a3f40a7a23ae3d4bd,8c05416b677d330fefc6c5a56e53b2848ff4d5472728c1e9938576810ac6d4d3,30,30,39,29,False
django__django-14787,0f69873d538d599c2c062fb4a8136d773a386c0d54a5e6a10870118acfd751c2,2167034218380da956f634389200eefd2f3876a2547b91390286677b6de808fd,7ccce768f30d3c04f7f5f22302bf5bfd57b6d4f55d4000ba9074dd042a153a14,829a797f4451b08db7a8fa02efbf7865da5e48592f35cc1c7de33bf99bddabed,30,30,31,32,False
django__django-14855,96bc93e9da892887f079446222a92d31c21b673b255f39c8cb3eba8ba18dbe17,8426bd2c095cfbac637c27b230385595803a6e1ac93728b7274b27f19f595e97,5e599e56d4503ca34d24b2711639801869722fa69addd284c8a00a9f94233d33,67ea465a6995412b1495dfc4133747906b735f8364d38546645d40f879750303,30,30,31,30,False
django__django-14915,3e930cd17200a5d166ab49d76ea68de8d9a83391695f15347e471be0f93dab36,b88c942376a8ec6d1035076a42bb822c40fc723f2df0e08ab8fb466592bb34bf,e004265e4d8d217902d8bad26f3a46cc13fa3572c5667fb66fe285ff2f9e16ec,94949ad554c56c33d45e18d777ecc0d0bbdb9a1c3c119ee09f28bc093ff3346a,30,30,32,36,False
django__django-14997,c9361fab53c2683fdd79ba02b18188569a82f47961a297c35aa4c5b62acf249b,0acba347b40bfd4fa5047ce4a4abf74bf4c01a34820c253b4dfeb5fb482d5fcb,3a08949d417a0fb7da96baa5666405fa56b0b4671e061d3bce472b88c0afa95d,d1fc1c372f919d9f4257420bd21abc64fbc3cf671959b3068a271df7756a8576,30,30,36,33,False
django__django-14999,893e5fcae17863d4a0484c9a27a40d8411b333f9864392fecbff257200bf715b,173ff5529ed8772d2e92cbbffba0af0ed869c0d011c1f698620fe07286fa0e47,8242fc0dccc6ff099b97cfc42d207a604920f5c81ecbce0b37acd4ae260b352d,3e32f3215d3b2bc3ec7f32c42c877ac5234d86142065e06e2f486a2c2c2791e3,30,30,33,35,False
django__django-15061,8319fc89308ad4ca85064fcded8fe2a6dc0fb62f8b275ac798876e9b98a4d8d0,69bfb0545d1478ad0a8ce56bd88c5a0ef3980650e493b34c8a046530b75645c3,c52e228632b0bdc182e24fd9353ccb6b48735292a0939192e3116f94498cb35b,25f7f8146fa8e46f149dcfd8904dfc184f0ae7ffda8560670efa31d52f56c82d,30,30,34,34,False
django__django-15202,ff637e056b64d9340b873b0c0adc1c801a33a22242d5e28b918e283d72a27d5a,0c3ec3d947fb124802ee86e957e56a94aaa6a86d1861420b95634187ae6ef652,32a9cfc42e4ff0f65ff917d3b362da955471e15a3d426bef79a86616943ac847,a524e11a5936e48c423a56f8be74222b7769e24f74510a375171ed1da3001f61,30,30,30,30,False
django__django-15252,dc0dff21999aace60d2d4065483b2f3112545149036dd83671a32236e7212674,caeea45046c5958fc405e4e49aa86b7d8ca3753334681eb937b1c44f737880fc,ceacc8da1824e88805e4282e099208998038a7459a5e60871150de366995c0a3,1ab615f3b5efae08e4ef3dfbc02accd89445780700dcfe84f8e2b207a9767ab1,30,30,33,34,False
django__django-15320,0c33389f1ebb606788bceea07120a54cc8f726291f3564ccbfff1f8785600dd5,a164a695cff13954232c158d6b5ce0f2e8479a53be375d27598a689623a75be5,06d7e1e0db795e892c61a1ae3f01e97c65886346c0f4ee4a73a10633f9da1987,70eab43f7815692865dd8b67fd8d1226a568683186e8b07a20cbbf50ccaed4f0,30,30,34,32,False
django__django-15347,d632a78aa7a9c404f0b11927bf4aab6c02fcefbb752d642f1c2a86e7640ee725,352dbf2df37d74ea78c718752495895b1a1d3b2679e337512a5f107e29649f8a,631fcf02bbd0f85e4de1a1a02a6b3014927aa9466cceead123bdac2df5948f22,332b4e0d8fef97e68b5fdc11f6f0144acc640287f5490f21443a4ed383b44726,30,30,29,31,False
django__django-15388,383362870b2d0a1d5da5ab9e3bbaeb863cacc19d5d84d08eaed2909675ac22e9,1d7b8fa0f2559d0e5c3d5d8f0568734ba8a34cd4b31256d0f14bf08b4fe89242,cb51725dc970f3d9f89f078e3fd27f9b7f33c8ff0920542e4cd7c28174bc16c7,1577f6b961144ba9683996a4b8ca8fa14c4a7ee70572cc27130e6931fa92110b,30,30,29,32,False
django__django-16820,96d6513308a3178c343691b8dd49f2039fceef40a815457d61f070f3a3d23823,86e46e3c3145cdb35805ac370f595d6efa1a017e05168ed16cd96eca0456d845,98a1525593c2f41e524cadcf2c3f110390f0d70e178575d6a9ad9678ac38d6dd,f9cff48c5834d0c22c9732a699db912563e368c7e0f5144d0ff970dce5e577a0,30,30,35,34,False
django__django-16873,f554729c410ea052593ce1e9b05ced6ca5c24fc19b8f01927e2a80781587af4e,735a8aab9228923b450ff6a90051e7ca3f3e72239be020ffb90ab5a1a689f0d3,8add7e75b40ea4514adcd01f4fe964a07d2ee30935e3d5f3271e908ba1567e54,3aaf25239fde4dd80df42bd628a34a9d83459924387e47b58913dbc43aa1b77e,30,30,31,30,False
django__django-16910,1e60f30daa6f890c50b80398919221e4929c29ea344763cfe7ddd1394bed5036,2222c527d1ee9e5626d76d213da11cc4e0b5448af850defb9c321fbfcfb64c92,71c2b048f839ad4d660c4b18c84f0142a4ba7f6189ad6ec9de422c3d140f087c,3d31d7c2d488919989cca4bd3ee0fac10177f24dd93343b9c7c6a1497040a6d1,30,30,39,40,False
django__django-17051,41ff8b1a04a038f25461c0eecb153f43e1df187087313d3c3ffc1494ffe4248b,f91858de30802b22d067988985417e995443784c31602f08588fc00a450ec3f6,8909f788022037c6c22c9892e770a88aef001154f0c80e11c13ecb5fd84ba380,56afbcb4375c3110a09190fb81506d884c1a016b21f60cd8fae743a7e985c602,30,30,32,39,False
matplotlib__matplotlib-18869,210e2dfafa566242868abc3a1b2eae974c73fdb618d6452a031ad0f643a0270f,5cad00d79b98556283ee694bddc1d0799c94509f24cb74f8b020c12113d3fcae,b0fe9fbb0e6b1e8e5f6cfcc885f32ea2bb9e16dfbbcf0ade2f366bd5bcc3bcaf,8eca3ed9e7e324891225d14f5851bd14e0dea0cf04d4d77a91195ac3ed6eae87,30,30,33,29,False
matplotlib__matplotlib-22711,c8350937fed9deb20f746d79ab89683b77b3cef8adbc3f37c66addc2da7ead6a,10346bf6d87cece9c47404ebe4c28f0a504493d2e5206f61555d4341ca288ef4,f25247569f28603f848fc65ff9eac1b9aa1e6d2698326504b9b9928d51810711,f266ff9996b4f35d1f9dd20fc9cc8ae74dfd09eca4814ebd719fb9a56b1f8e32,30,30,38,32,False
matplotlib__matplotlib-22835,97a6978deea7be8284027d96503cd154465c4b290a2e6dbb4e09ea3f43ca1f48,db3a127dd0851fe7294b57322cc07dfe9b1350038c1f7dac8281ace6204af939,a7a808497fe785d88a13f577e217bb3696a5e9d01528b1ca880c4b5b3f0b4734,9599d384ede5da8643b2d5085ca2c5a65ef4fb4f13aa18ee077d0e65e244f1b3,30,30,34,32,False
matplotlib__matplotlib-23299,9d002f954ad117f6ebf895944cd69385abb1e518c68ee67288af4e98de4d060a,6e5a581238a0790368ab33214b5decd6c2bbada504fbdc6726ddb1c30403153f,cf639b233a85d19a446f220f43f4f23f978cd7f5d762ad888f1a61962ae0a75f,0958aa97b176cfad5e5ab990df8b20f8a6a42633468c37c4b51b27724543a37a,30,30,39,35,False
matplotlib__matplotlib-23562,e07db2adc99c1daed66369a52f4edc78f85c7dafacf4cf6f2191ff0aa26d82fe,1e128f0d461d634b39259e4c080ebab72489de19a895e0f47fb2b68fd7be4121,7820c8ac696f8f1d29eb2194e531a89407ef504d132cd3d83b3e1c18976b8442,96208eaef2ad1c25160950a5e7386f7617d07fa9bf455e7e95cdcc0c2b295e69,30,30,37,31,False
matplotlib__matplotlib-23964,49585a2a251ccd5a0323e049b79fe9bf73e6edb2522f24471707f19548bbb15a,d4bb9647b44ed682b9bff2899a5340340939c8d89e077815dea3ceaaedb8ff3b,03e7eb96b07c67d8de165e5d0d2118502b89f7356a98173eb2ec543e4a4e9dfd,2b7c8e0120a4edfa492b251f89d469791df6e974eebfdcec411cc5ce32a7b45e,30,30,40,29,False
matplotlib__matplotlib-24970,582c546efa566435cb9ce6ea2de961b7594e3b75610d3fc2e4b22c0abf0bb3d4,c44b821397bc85b7d91a401cd0f0f47a1198ab3f80e284c5bea5f8aa745d5021,7e103e0fca089c2b564f7db243caec3ad106e2fa36cf17637dd27ff47dd9f5c8,095b16de40eb92a208b4f61c844d02c28914ec7b665d9dc16287be53499de6ca,30,30,37,35,False
matplotlib__matplotlib-25311,f55dab8c231f98e65528b8ea87a5e6e33d04b2c74e5e63b6885a8cb73b0339fc,ceac2ca55cef2b1a81a7f5e3b05fb2d3c94047d6a90858c1539f241b30e0ed62,5db572cadab702aaa67f2ac580333c047438cb172411d6349fc4c202014a3af1,9687b381477fb28aa8fe864275d0ac876f8301827905c429084da46f587ce757,30,30,36,41,False
matplotlib__matplotlib-25332,e1c8587c3b83ef53628096600d40b507ee2737f69472965f307839f9ce912848,b51ee2978b2a744b1d605f3f23fa18f781106278382e99e4cd7297104cdfba56,92b601b5fc1d4585dd9f9acfa6d5913a9d5fe15c3fe20e85546990d83c354aa6,85e54801a46bf035503ee9ece6cc97a669c10217ffb8b8029900a96c6a7ee45f,30,30,34,29,False
matplotlib__matplotlib-25433,719620040f40f867f1bab78111bff0b489be29f6d7ec2ffe1855a2daf5ce42ba,ed1e75f6fa752fc8ae7d59926ccc94aab47ccc247e626d4afcec1928246aa556,282fc44b98c3a30fdcb090aa9e3e57708cd496797694d6f4244d153b3535dd50,a186b57df750061ff380f06f7b7999ede67000c56a48d7bdba78aa2023092186,30,30,35,34,False
matplotlib__matplotlib-25442,4ca107146c3f50df93810081de1df17d4cc17706492be40a0afde38f7e691b43,2836a62cb3207eef3a2b3be8e7513bbdcf748f5f38b0e505d5280597651988ba,a2fe75d26a82953c252ecb5b0546fbe69ca14ac678a2dcd38440812f165f53b5,54a0023e0e3cb45fd99ca35053211291d21520f45e9aba302977177ad3cfe71b,30,30,33,32,False
matplotlib__matplotlib-25498,5852e288dc00bd7c82c33b5b693ce977f9925a39c6c523ef3ee685fe69e757cb,5d7d49a6d4b0e6ac220c436d24c01ad8b055535b2085fcbbc6b99f06b17d1161,4ec7525fdc15f04ffc8d84d3f66a1db77e7f690e5b07369337a2cc500149b584,153debb8f412ef34987488fb4a7fc18908992559e88146dddf0cf25ff82eded6,30,30,36,34,False
matplotlib__matplotlib-26011,5655518da21d09db9112c9ba0f8a4780a5fa1ecefb9b3de3245a27bcd8802184,add445b133599a0863fc0056237999165ed51bfec69272c2b0f671645cf0bb1a,e8f89d7814c14be191fb7111a078bad4f1473bedda075c5b3b0daa45063f34a9,ca5fd8b01b5c24e67e9cec96c42f6c35bba223db00f8f2e1e2a712ddd4da0359,30,30,38,41,False
matplotlib__matplotlib-26020,e82b088a3dab1208ea465d7780c9614b2d7b15ed492dee9aa9c5c5c280986982,8e5361388ecb95087f4e62dd64fb1ccbd801ffe201c6da96905d4a256adb5c94,635504bd06b4bbf0f6865ac8d3ee1eed613ede615c037a3c1e2eacfb1a3edad9,a12e6f86c27fb63c54cbefc3354c586267d0a0bf5d0e1557e86cf6a8f61f4d97,30,30,34,32,False
mwaskom__seaborn-3010,3407ee6936ad3443f10bb560f4f8816352f34b144f1cd07286719235b6cb07f8,eb48f959b963edbdbbda5127b8bbe551485b46f64b3f187062bc2d3215dbc1b1,4d6abbc2c99c87b0ea1db6f382e07f169a96c0dde64a1c8029197850f97c98e5,8e246352a325587c5ea628046e2334dca88bd2d5a608b88a63b145437ce67c66,30,30,32,31,False
mwaskom__seaborn-3407,7e8c23e0ac900fcce795c42a117aa9f44daf6714257a05baa4bdd2e144c0daa2,d8264c344a7a005caa284d6cd86d98ed5f2a906d72660e1489c601ec727206b9,f37fd5e88c6369f8d58799a2f4f310a9f55820c4da21eba974fdca43bf81fc38,fd1d67044708a3dab6f3767dbb9231d6082c35d8d6bab2562c13eb5d6c18955b,30,30,36,42,False
pallets__flask-4045,311638e8d2b9745bfb452e9b79a2a8d2fbde6226b252bd6325be2567171acd46,a0d1cedb94d6de95d36956580e625e081694c47c3bd46686cb78887738e48ff7,fe92b35899c73839e3c0bb33e01d9f892cf37454d137230de94f035c11a1c6ae,5d27f7ccd1932f25ec5e367b41e61311d0cbbc04847c00b2fa7812eccdd98ce4,30,30,32,33,False
psf__requests-1963,9c6fccf0d9a30c652ec9ed20636921e4a5d3ff161028cfe04545df1164fc31e4,53b6de48d274bfb97c5018e8e5c4fa868fb3c91bf52be06efdab081f111a9b09,bc9345ddd2e5b4c3fb186592e7e3ab2cd4affeae2816b758a745c5334168a4b0,b42273219bebeb69723193a698b5c3e0251ebc584f0c6d5a6c83b8773cacb6e7,30,30,32,31,False
psf__requests-2148,d0d6ed3c82d52eff6b194801c88e6a4567401ad67f6f0af8992bd6525bb85f5c,574fa94e4be68fa3fa46cbef8ca3c12e9d5c2bd0c56d31b9cb2b9d04f87b19a0,325187b36b4094acb94f7d3fe45b5d05650d9e4095ec8f734b4fa7da5eafe961,6fc628859fb45b7b1dd2cbca5580b6f73993469e28bb243a71a9c3e0e4db86a6,30,30,36,34,False
psf__requests-2317,342d3894826254341c4b90ee75e5b1915e4ec3534a842694261a435729d0197e,607ff3f9f1dd01ba611cf450634e83912cefc8da288ed94245b1ae40aab2ee4c,f9841dd09893351f4cf80553597ac668f0537deaf0891ef272a7fa32964ec5ca,85d7dda7db9809e64783e022512ce1a9222b9a0688caf3477016286cc0c5d114,30,30,30,30,False
psf__requests-2674,710bc1d410b018d322baf01057ea0974e2dfdb1fbee43543add1cd7b89edc791,db2423a16eb00251dbdefe24c0e319624d55e84dbc3b9e5c18b25564ca1017bf,321916a3a7b881e24f4574c81488e4e55774062d04ee84e7de65c1d336336b1c,96cfd7d4dd98473f868a3cdb307ad602eca4783965514ff3f48a9b5c10857445,30,30,38,32,False
psf__requests-3362,81f54821b89ced78cd902fa0ba6bcc77d34ccd53e1b6c018a987f973b377ec0d,e0d845f6a461f33a5e56dd483acf51e58422934fdb6df8d80ea48f7dcb984e9b,a640d373727038a9d2f84ef37254efa658fdf350ab58665bb870da6a3e3e38e8,e39a56fab852ef365c3179eda819683070a131806aece6e46722a8d7cc92b330,30,30,30,30,False
psf__requests-863,7460b7c980b7887927d53636be1c1d66003721ac68371c190797a61094416c6a,70c6ef506c45050fcec0fed2a10876a20bfddf95da80c32b338370fee6bb99e3,a23796f1407f55b6cd2d12400f1cf2f1199d06acd96c0971fade0ae5764ac41f,6e88f719a87ed986cfc221db8d3691ec39a3fb7da8044d5fbb54b8a0f914050a,30,30,34,30,False
pydata__xarray-3364,648e58492b53b352251dcf6f1be22024936bf781c608606536038698a48e2343,fbaaef76bfcbd16bdf424e0c794623b17c69fa90ea098ff16ecdd76182270635,e456f250e4a72bb902e7cfbc61bf6f1b429f02ea5303ec868a6b3ad4ec9aa7bd,313a32d4fe48ebdd8f735d7359050a4d11db0f753ea1b6538997ff114844e22f,30,30,40,33,False
pydata__xarray-4094,4f9b026d97e7c66de5e1fa3d857092e2a1db47f4ff6b0ceee13645aa94959f23,5d083b7754c584d2f5b412b218c880f5dddbae04ca2b17e39f8c0d276a5638a8,6bfba4a7aa9cf2eadca8e65e17380a8056028f68f3ce625ac8b83cdaa354951b,b939712f4641cd00b80b195c241919511d7ac612885bef56f8c51a664ee148f3,30,30,41,34,False
pydata__xarray-4248,35d4e939653bfec6deb5b0a90dc563cf5890388121b21255b68b116c6f603f90,9021bc2d2d81ae3cf71ee868a012207e691f1a18cf3a6ed33d4495752a182908,18b9c0137cf9f2207713bb6068ca89e2027b3588ae9fe96b717233c2600ccc42,c2959f5ad039eb0d73a674071965a150f2087ba3bfd53beb7ac63fffb434e1eb,30,30,35,36,False
pydata__xarray-5131,1ee49d52a357e69a6312c004f10337f97a3251b57393aa813a6a69754d38281f,49493005ee9f91d4edbf5be2267fab6bc8ebdadb92c07f4ea7baeca5a10f9fd9,817ed8cd1b0b79f403a212a0b3fafa0e8007dd851362ccb3eb32ff46ff91a6a8,d984d7e02fbe475a58d831d59c5b001ed0ca44a12c6bf7bd8aecbc9e6801552f,30,30,36,32,False
pylint-dev__pylint-6506,65850743a868710cca6b53d0f29c1be7d85c8faaab0574f54889d6c5daffe155,5b054af469759353ef2f4cc7cac76ffb1d7f278670351c60c400b6c4089975c2,414f512b36b9c1de2d6fbb4ec8ef774780088baff524ae61b9b57328568d408e,458c5f7a45852872e5dadae2e9324cb4b34d4f0893290aa4638ada44bac23e94,30,30,36,30,False
pylint-dev__pylint-7080,5d7b27ce9839a6848c8f00d4b325628269e3ff3021db65b1649c9451e8c04798,0485460ebb8df9bb571971fde9f587e70ea69a770fbf7f1e1ab9187aee94c277,1557c3d6954e08582679bb0cbefe83500db4323afc8af1c9bcaa909994c2189b,053e7d221424a6294eac7f3f8c582e9ce3e66c81668d152d59c75185cb5e0b1c,30,30,34,38,False
pylint-dev__pylint-7114,7ce8cd66c8e07da184ab9c917c7be910b8cac4fa84e3794a63c07e111b89200e,176b848f9152eb83b1798ea3802764e78c476625757d21ce06eb770f8caaadd1,d2419267792a600c44333e2e9279e55ddd99f0909c86ea54c77c18c4bb1310a2,ee450c922089309bb57b92c7adda1af524d572e5345f247f8792ecfb7d8afab5,30,30,32,30,False
pylint-dev__pylint-7228,b10ce336555e97ccf12a72eab4612331b2ecfca23448aa0cd1bcdff90b6b1841,4eddca19369c2a0d8c7abfda616517e34f4531375b9b86c31103dab49a4213f5,2ac2b32b08379ba3590aaadbe4754b67855248d0e0eca40662c5f4a2f9046ba9,44c641f2f7232abe4347cf2ae72ad80e357e4fb8f6b512d2d2ad0c696dbc0ae0,30,30,33,34,False
pylint-dev__pylint-7993,fa17af9e762d04b0a6a4df7e6d1c8ec9a41167e9ce2f1f543766175170e5d915,313bf5f88725e04fc2267e7a9774d8060716d7296ff4622c0990c600b7ff8ff7,55c703fd39a314de60767713c8244e7167b0177fd12b026395f32f72b88fc3cb,821b4045597e085a63d79054a43eab0c7d24acf86740d3c65185d680b3713e23,30,30,34,30,False
pytest-dev__pytest-11143,5aa39f8ffadceff31566774b3951392839569f258a4cae1b2ba086be06ae447b,484fb5cc05d2d3c845e327604c913bccbfa7087a4b76d16f0b5500ba00e68b75,353d6c08725934cc810b8708e930837834cd198f4632da4523eccfb92455dd15,a8c2b1bd84a69e241206ac20c45a5ee01f39cfef80118059208bf144aaa267f1,30,30,35,31,False
pytest-dev__pytest-11148,722c72fa53b734a6f51784c19e26bdf890aeec009e32afdc228e683e349b6336,6834362a73b048aaca589c66b6d185ef358b5cf15a71680684e78025c43eac48,91cfd18ca2c4f2b7c7959a63d7d14166b2afdccb7993f0316482c2cdc7bb37fb,14bc418f59a4487688645ba70d7fedd622fa8b2689cb9674f14aae242b79937f,30,30,32,32,False
pytest-dev__pytest-5103,4f3e6f3aa06fc7509f57828607f5c31b55d9fad02d1d9ad6aaf865d33bdcc385,0656fab2906909433bc2983f4268d03960ff9bf68262c6103b587bfefb6cec8f,2926d91c26479b8e2c0073a3ff30040055a3472946654937ee61e28e502cddde,2274a983f15cead058e22e058129af9f5a9de72dfb221a171944cebc6bd44a61,30,30,33,42,False
pytest-dev__pytest-5221,8381e9024ec09875cd870eaf19590ea54db9e929cf1ecd41c75fcdffd26ce9d2,6f4ad08bccf2318937c222fbdb2b0f4f7b3aef5ccc5cbdd1179f0ac2554f9e83,3045196b34d2469844220a20b068a263e85d605f9c3ddd2e413a974d7a3e7df4,51a58812b83fafc803212f94eda05ff203431c9d7f647c70efe786e11c6c8719,30,30,32,29,False
pytest-dev__pytest-5227,fce19eb02f2f8d3bdd9552464e63f3f315dae2cdecc258a2f1767bba1a73b237,168252d2f53f20e06db26d003698148e5288c18ff92a055be3106dea413a923f,6c4ff9e5a385b014dc9b7d2f1142a7032ef7b9b154c549812d36e771e6d7d429,36cce9fd0a858d74ebbb6bc4f40067627a259e18f0c16bb8b87943d411c02273,30,30,30,29,False
pytest-dev__pytest-5413,436d00d29123b7e31f419a415f4baf91fbda8a66636b948e0191fa6cf46e9a9e,a2246ecb566b83f21944a1e113603ff03e94de7832ddc1623ae3b7893380b16c,61ef52b162ae498c7daa64384906e77e3ed694a3f280f8c4c48bbe2f06c0d90b,d19d81c1e263feead19abae365c1ebf5be5e1d5ba477ec44ee679cb7c276f635,30,30,34,34,False
pytest-dev__pytest-5495,65100cad2c105ce58e64ec66f1c2f893b21a3e1d72453ae8df69cb0d3889f8e2,20f62513416d5acb63b04605ff3b74adbeaeab013f073c3c4b49d09eb4894e71,8794e9f8b05ffceb75a3e9864b6b47757bf773f88002211a72f125dc1ba132b9,ef65d94cb977d10a1aca54eea411a83e49effd150db393da86b276d937ae2848,30,30,32,31,False
pytest-dev__pytest-5692,9cf62b1cd715d83ce9405bd2b7942a47644b9ff55d851ed388b959aafd3eda48,7b58c92f2f4fd33ef437f0a0ec87f410319cd04f1a3e1fbeafd8d622e87ac9bb,1d2b2ac1ba9f9525667c62411f1a1c62498cd0a29712f8e052f90a588f454032,b7714719d258d3d0fb4a6900589d7c3b0820148313299aac01b39b0dd9e41bad,30,30,30,30,False
pytest-dev__pytest-6116,8cf1b6c25119b515c0220b16b39f95b4eac1f5c13c96e76526927d71433a1c5d,0beab9aa0d6c6b5ca4591e2c1ee337a02f0cb5619ba9ab0226c4786158caa483,99001d6ff65cdde891bac3ec3f472ee606616706f2627539b4b1ff8a493ec4de,f13dd0d051c3c98f2fa941d269cc875c366f35546903ffca9a99f475e32dcab1,30,30,34,30,False
pytest-dev__pytest-7168,9512a159985d0cf6e6681bebe3b2b732ecbac74f30699c55790a792a4fd43530,eb9c121464fe06efebd9c9f88a7a8614f6bb24d90d03ddb82aac05ea9fa12f44,692bb925c0ed2e993a4c9b18f2fb412d2d9f87cc02bde0a8f8829d42fbd0d04a,5d1c81b6e33e7b0418a670c533a5efa13b44fda8d541ebf2cdfe41e4f618b4d1,30,30,34,29,False
pytest-dev__pytest-7220,aac0cd64887186336c89466887b908bbf4ece3b3b4f6ef60b14c0d55b948da2a,af328db03b49784d50e95b6f8a26213317846834b6a7f21f14841f71dd4207c3,e903824db51d26891f6081654844df79b77c7b05e5d25766a521b686bf8a992e,9acebb0ae7168f3313d0f50be8785a8b540a001bf781a6d5de6240d96408c43d,30,30,33,34,False
pytest-dev__pytest-7373,0dc7bc5177be053ebc8d4ed5df21b415101433b49681c916985bf0ec3e9ddc0a,dd64e49f19608a5858a83270f66f2dd6a3a54a6aa5562ada5146530925f73579,bb23b49f2e3dfeed8c36fa4b076d2b233cb4525f4a3d3ba8b463b1b1fb512696,fd486df29ab47c64d9d3178f489ef558fe29d68fbccf5966cecf8808a80fe24e,30,30,34,33,False
pytest-dev__pytest-7432,42efd8412a9a5b10b0e4b40b6db541f1f390770c98197e09bd0baa6485a5e38d,8867799bc6ff5184fbbe84599ff75829ee2d0969e86e3235fcb99329024e2572,6c3a5251c487bae1287caad38d8b4caa804de7ee85209dfc98455282de0ed21f,9e25cdf3319ed29110240636af17eeb70699e6adc5717e2cfe11d77eecfbcfc0,30,30,31,29,False
pytest-dev__pytest-7490,637e39050f8f36cb29ed65e6d531728aa50fdc3a0f73dc6ddb6ba4c8aefe2405,ac69f190547e955ccd1289aceedcf3dc5ba8bf9464dfb6aa7fc9e8d79d8c3f53,0bbffad0007cbd3bb7dd5cedda15c176285de193800cbd6f0952a14e3f416906,356d6bb20a2f294519d3cdd4f6ed67473c8c265df664370b0e65ecfa05735523,30,30,39,40,False
pytest-dev__pytest-8365,be7b155048458a8430dcf0749adede872fd4ba232b093fc043eac7d6497a7933,20239470aaeba4ae52c80d117e68a42955b2169ad538d400e4f9ee90a34aae0a,74019c55a31a1c93dd8c1b9900db84537193702cb3ac674674147124803db644,eab5fe0f30f7125f6e8d9517dec46d45c209c2623ea198da12442a4d1deaad05,30,5,31,4,False
pytest-dev__pytest-8906,85b6cb9bb140e13cc8f969e54597fc9858b5fa225e4ee72c589a4b2b9c928d92,ee75d034878ac2ccf1f0a63ee938ce06aa38139299914dd0b8191005e81973ca,a45a56f6173230479046339b763ec29b1cd358fc136038229463881fef00aed6,7ef71074c774467547f4290eb2a26e885e0e11953a3bb2521af73c66cee64851,30,30,29,29,False
pytest-dev__pytest-9359,394c884a0d7e7aaaebfc49bd9acadcee3d33ff0647e25afc3d31b386b619e1a3,4cb964ade5cc7dd6c2852d8de483aebcbfae6cd6b733ca6b625805ee1972f34c,ae85491fe2699b1c9dc62b8d355ca8e1cf1793457fb44e57e6316da07204a834,597b270c7eb09b45c7141cf87ffe8d24485a8f6afb07b8e9007d9c48fa5663ca,30,30,37,31,False
scikit-learn__scikit-learn-10297,c320874b843a35340cb6c0adfcb2f3f474307c9adaa8bd4905a8f4d30dd5b191,a60e8bebf9251b7ce5b2d657774feaf286291d3dc8195ae917ae0f66d367ffbc,66f6d363459e698237f085d7e20e560c6a9bf581aa0114633e60abf5a922dcaa,cee303e125d5478337e767c473a8cd10e1f75ff4bb5d1319494a3fb5e8b6608c,30,30,32,31,False
scikit-learn__scikit-learn-10508,2565aefeb3d80c6373d583a8a48dc226ebeeea55ad5032141f45656270c998af,d812b8ddca9d6ac0df62c6652a3716c93a46675a2303193a4f8f2cb4f04658dc,c0579cdb96a06ee70e1e69cda8e58b978ea8ab44c71d661caf1d7928574679de,1e58aacadde8a8185b1c1d81a78935a52b034b87324e910363ab2f2dd4036073,30,30,30,29,False
scikit-learn__scikit-learn-10949,cbc64482bb3647bd8c5efc1759fa1f7cb183d5b0f29f74fbe156796a742bf5b2,8f38ab5fa1f668369dc323298f23867fdf224c208fd5ff3e40ba73f0743c867e,724e9b736b58223f5006f84573db616ec33f7fec99715b3d7f3bc01c5ccbe2ad,0c6c0b862cd4e3400f27f5629eb30634ed08f08f71a88393f09454b3d233c5c5,30,30,39,32,False
scikit-learn__scikit-learn-11281,4281ca10f24b54e11fdbbbe395f1e703d731e588f3f32ac1afafa8197396a631,9dc0ad308bdea3ed9dc799b2f1b0061b8ead989a5b99db1a04c90f9c21730b0f,e0f5e2314ecbf45751d27447431f77d6912a136df1315d76c6d3ee391b22e4db,e9dd8c84dbdc8ed5b9d9c4a382970679fdbb4c5807c54e53e0dcb5267a8303ac,30,30,33,34,False
scikit-learn__scikit-learn-12471,fd765a8af4b4f9c591c5067f20f3ad995aca95caa8ea8e5ce0ce14a310538232,f5db88835a2a542bc566ed4d9a379e72430788f7e61ada1e6075b349754980f4,c734a26a5c81e5fba6b6071ae6db7d3bc6dd76e9ebdb8931829c91e5fb22d4ca,f51d80b2922180a19a56543a1de21146dd8a0a6fa1556448cfa5b33c0e869085,30,30,36,34,False
scikit-learn__scikit-learn-13142,d31ef93d83774af559f6ef385cb7b0c12200b14a730bcca956031f9ff4015fec,b3dce9fcf8416ec96ab0f9358bae3bb2c7b5cba868507c8e082a1c8b131fca43,58c7383b789e8e9ea4779a5c7d246837253fcd6a7e8407e4ddc3d688989c22b0,695e9ac2d7eab11677b1ba4b2f7e6582e4bf22ddf59fb57c6dd46e636ab077dc,30,30,38,36,False
scikit-learn__scikit-learn-13241,5225482398ddba46291724ea3395e3664943860044a480325f998aabab533459,aff06d4d9a3b1f10968af75297db1f15b7aa2d0ee74d823b14a9e955c79b1763,16cf90a3082a59d42886d0edb263ba9ee4812ff44cf297bfc762f044a881069c,bb5ea700d5c60f223b5fbc361be2f616da563040dc3e714b4a33660314b58f52,30,30,30,32,False
scikit-learn__scikit-learn-13439,7740a499d23f1161090aa41510b067fd80a77fafb8481f40b34dd280601c8612,43eae31fac1f367810a8440c817adc24214efbc323c49e629596a219147ffb0d,931ec3de889c336f016c68ea1c98ec720c64b601b435aa83a49f713a352048f6,4281f78d0dc3356072a5124aeecf2669eb9a729dbdbf5100f162299cbb58467d,30,30,33,31,False
scikit-learn__scikit-learn-13496,c919d43eb72557666b29fdf144c68c6cdff233c3a965598b6bb7953837265b8f,e1fe5297e029e21c1a0aa67c966005dcd6332a5e8aa17bd8b48ff63c0c3d6aaf,267dc283949bd2802787c6f282b0997f4acd0fba98180320d44c6eb5573795de,02a2e54f6c39b4ae5c29525e72c3daa9f34c8431c76b16f606a148214d650d52,30,30,33,33,False
scikit-learn__scikit-learn-13497,5ac4d6321d7f976150c719aa4921fd26e41026ff19d56696b4879a22015dab2a,83f8bef170920d83f571ad54ce0f320352ae8d3bac3e1fe974a3234a8eca974e,45438e01c6e46986ebfd52b18fd381bfc890e5043380ce0ac44fba5289493f74,1e5d93f81e82441ab007848a43e54eac90edff4581c899a0b7bddfb3aebf2ac8,30,30,38,31,False
scikit-learn__scikit-learn-13779,0a278cef8c69e663586bce67c6d23759f9dca5396ff63bd188efd5219a0328c6,68857c5b55f32873ae4338488bbdd640a3fbffebe51ed3e5dbbcdb2f8f99d96c,cc4f31f02fa6dc72c9689aadd726a8a6ce01eac883ca70b0bc958855bf1ea69d,7b905443a0dbb92c3291e5ffc1969f6463ddbb63979ce02279001d01bef75bee,30,30,33,31,False
scikit-learn__scikit-learn-14092,432df80a3fd4bd1f3e86b2297d5cbc9bdd945432b8a52b29c0071dd96268e098,e8479bdc79338ef2c09822b132eb7e85555575047ed02699802a3895c6da578d,2bdf24a9e191d6e35b66b0e8b7a657f54619490de0f5084ceaadb325434c8205,72bf384bdde678d3fff580874eb5fbf01fefc165f7492c443bbc0b65a99c5511,30,30,35,31,False
scikit-learn__scikit-learn-14894,bcf46015986fe839eb054def395a3743d92824fe5179a1150a8789c0e2c7f9a2,4d4b7a9d66053e405e8f48d479d0779fc4741130365f791879516e61ba0fda55,90e04fff38e6a9f293b6113fa41a746cb3d2c7d58e45b74ca4c88ef5c2ea8c7f,db3f8fe7bea43e0994e1d3464aca67cc91b2813a841f6ea5c9fc0759b6248b91,30,30,32,35,False
scikit-learn__scikit-learn-14983,dd58df5102433bc0d28d0bbe54abc91c003ec54092ce1c0ffcc703ad1142955f,78002db2429476c82e688d1ab3be0902408f5a90fff966c5b173cbd30e191958,eae255ae1bf223675404e277b8630e4404ad4eb99a1344a7ee398231e1895bc9,e2d4e20d390a37aea33dd3b9161fdad777ff9e5f1373126ce3cecab2ebb5f34f,30,30,35,32,False
scikit-learn__scikit-learn-15512,6f30d2432be237e4b91a88df7537cacda83830b72f18af105d4cc5bf0e86aedc,cc3c3cef240154ab107bd4d393cf92a032ed15c681c00cb835fd614a192970a2,9f9d4a0ee2d8677bea56afad94239aaf63f28232429a8392cbe137be5e3091b0,0421adfaab200e87df51a7d8ff7b226e22f1ac2c280d2efbd0a61204df2b972d,30,30,41,31,False
scikit-learn__scikit-learn-15535,b730fd7a6a41d965ce100579d8a485e87e1b7b8551273192bdc752085ff22d82,d9225e7a0b180eb04277ed3bc9fed8ba38099e6c9c3cbcaf5db25c171190c56d,a2fe79169ede7170f8b686b07a800276195408147199a031eeb35fe9e9d805b9,56e8f1af1b9917f073f6761b23f4b133fb44f19e811ddd031725a4680602b6f1,30,30,33,33,False
scikit-learn__scikit-learn-25500,181ea14e552d03e5b09a56e30cab59d09e8dcff0de8c05d90f9d0389b6324f79,0498d34a3aee330220d49235b5db9989231b3443aef09d83ef4be4baff4a0f68,23ed6390cf97deed82ebb3c7fd7f361f67b03ceb91d262212cfce44c5aa2f04e,09e91869ddb53ad4e39a271326af90e8a765998a8a669e78f4a43e39df978c8e,30,30,36,33,False
scikit-learn__scikit-learn-25638,4cb1e70813a9e0e58c6fe10029be97ec21d724934552906721bf47dafeb2a6a4,802942a57f15da1f2bf0c4c8ec789e6188b246a9fd45f77cbede636548eef734,c8b8325593c4da3ed21397498943929cbe84137b71bc90a08cb8583729ffbe74,e7c131354a810e20f9a735adf956c24a57ac15269ef0488a5d3338c9553663a8,30,30,35,35,False
scikit-learn__scikit-learn-25747,67447df70edeb0c15f202c6086500dcdaabfbab1484019b6832050625c156de7,97d995daeb4e64909eb8aa718338c28c892a18a2693d7e57e5f8f4ecb1a8532b,1f4c7ec427fe0bd54cae55b8feb9ffc929529f45bbea652591541e128227b836,59f2d462aaae8ceeb57192bc73a1d8d60a188fa8051df4bd0439a8d7dfbac2b3,30,30,34,31,False
sphinx-doc__sphinx-10325,8069dbe1099cb2485f3b063370f09876efb3b697031f1ecd05bc247ed6ce5c22,aeb947fb0c03b76319c48209877940971d00ad21c12f1fe50a01c391a135d343,72b8678d5f8d5eda820b29f79f0eb77d5682d5e72d42fd676ba8f98e867af6f0,f42029b24c5ad7b5588b0fd0c7cf51022690019f0a5ee299786703bb94267091,30,30,36,35,False
sphinx-doc__sphinx-10451,bb289f8ed81671ad79438fb3ecff313f34b9cb8c04316938fdb2c11be2dd83e5,3d8583dc46fa412bf0319b310c1e80812e00a4f8bd4665afc1c40405f37eacde,1ffe3d0b5954c805c1f19361e2840c62926f6104231d7d392928b266e6117395,7cd7b6b415c2895a0d99d2190b12b9d6a89273167e663d584eef0910845f077b,30,30,35,34,False
sphinx-doc__sphinx-11445,c8f04e7cc6ebeec18abe27af1126f1a2880bab5e210df7f4b1ca39eb49086b04,71d159ee5527fca021be31bfefa93f83295b298e05f6462e5da5fd39d955ebf1,abbfcad1d4a1398f49de4fe3b060065c406c5016a059ea2c0c460c48cb073c0f,b9305fe941dd3207c48612de78287555feb0b6edf5c52cf57660689aa955d7b6,30,30,33,30,False
sphinx-doc__sphinx-7686,3d55d8123f1f7fb10a1a6afa29183f3a447910d5461b5c3e2268c4428650381f,757c0ed5ca64bccb6d38eb669edc8d03813093bff67c9e0c8870902333b2dd2c,e224e66a05110269e3cd4ed753520d263860d33887bfb34e98852de03cd43805,7a511208704a1ff6b59678334300e3e75e91fe2c4cfc346670ea366c57780366,30,30,33,30,False
sphinx-doc__sphinx-7738,014181ac59e581f73dbda9d9bf30ca3b8191ba063038b50b609ae1978432d1a5,0a8f0b5260fbb3d911bee4d7e68dbd3d25b13a6a3aacc2014b1433a9df19a2db,02322eed06f51923b6139555762853ca46e64b94f3dbd028b5bd45612c80a814,22a46da02c6867bdd9362f5dded25ac58aacb259736ecc0d5e16498241a490bd,30,30,42,36,False
sphinx-doc__sphinx-7975,ea757c671ccebe20bda89717469e9e933941ff55e232ffdeb96cc24a948cae4e,38a7ebc72e3b22785b459f42e5bb67cd56b7a463034394d781deb170b516641a,97ce2b880c1dfbf31bb6426f6936656615f69239191f431d28372ea51a345e12,5a72143b63145fbd0be575bb3a18a083683e418e4fad73ddb69a7f9c8b3d3afc,30,30,37,40,False
sphinx-doc__sphinx-8273,a26ed7b83209d208044e63d2f275f2f80ee916ab3d99cd0629867014da67e94d,2bc9b2aab5635d70402793cf76dbea24999a0be3d92d8b9e7cf59e2d2d50e02d,1c592a122975cf86affc1e7718aeb1ae280ce2e914ca9fdbcfe99d83b0db230e,75de1f0253439d1f6aa9c0782d3830dbb9bfb852b669cfc6ad8ff14a9b97fff6,30,30,33,31,False
sphinx-doc__sphinx-8474,80a984c5c8a9db1c409e78ff1469436715c7e57461d7549682725f0b5c537e56,9c316afd84265807d412a6e3d5d42f8774d4270c7a0ef250dc7d6a5f4efc878c,f65470c547f0f05329b2bb60cbc83c39060aa42b0cfa635fe36f71b2a16c8ccd,7026755d72d72e68722372f82d3b530ca481b0a8b94f4a5b837b94fd4bf3dcaf,30,30,37,37,False
sphinx-doc__sphinx-8506,8dbf327b8852c5f03da5b04dadf0c47ac829917af4f2cb0b53e14d53e3c78743,c1f542cca8d7a2ff23f19268fd94727c8476a6172f3258efcf2ce5f0f15b281c,04cda87b1ff27a679ac238bf8f9cc01b2ad2add6385003efab2c39cd11c4d450,5c9d9b97c0e03961b886e9d69d08bb3ddf309bfb0b6fe9d573ca22d81316e4e1,30,30,31,31,False
sphinx-doc__sphinx-8595,9e4c9b27f2f5decc7686a9bbe768030a5b2850bc145155899cec762625edd19d,bbdd0fe2a9ad9a50e9619fbddb7b440a360a32db58c3cc54737003651487ec7d,573b7ba25cdf9215641d2fada0c9e003e7b296ca5432be322622830169d2c78e,c3f465041def7c1e158124ff619d184cd47a2b7c2cdfdcf62138b47eb1403b59,30,30,35,33,False
sphinx-doc__sphinx-8713,2c9cdf09a3d38a7362191c414cae33bffbfb47cb141b4f2a8ba3a6edc48f1cdf,6c382c3152ee64f015fbf7d3dbc1cc9dcc9833dac1f17589b3b3c74fcacb8fb3,fbbf3ba322f60e832483fd4c900b6d95178591c6842564a7d4a1d5e8a2cba684,b0f7b7cba329b90803155c3edf5c06f19046e35f4e1374358c903efc634fb617,30,30,36,32,False
sphinx-doc__sphinx-8721,5549d2bf03c28c94c5c678c45b32f70ce95390521eba2d30e4f3cc47e69aaac2,30d20c73d84b396cf0f08e3cf8fe0fdfda12cc991bf1b7e43251af822b836337,394304b56f85c82ad3a0ede15e7177810fd3baf839fb6e32f8be19a636ce6bbb,f534117537d9aa6344572f99a631970d9ea918ef88df5178dc4c38cfb057df46,30,30,39,31,False
sympy__sympy-11400,07135c5889e8f092c317be8e8d7770536f81e13b6a99945bca97c888738b6c19,2777b40ca6945d950c1b7a808fdf68f09a975f1a425aa72fed82d2a6f9949a43,cc021d741f91f7bbe9ec52377877f4b4a3ee67c57f446e7f105ea46198b5ef89,cc9a8a11f6d1767bd70fda5cad3c268ff1fdeb0837010fcfdefa643fccf43b56,30,30,37,35,False
sympy__sympy-11870,945875f394d16e6ea68dd3719267ae8d3f216423a98363c72e9b5cb9373d87aa,2330f00e3bf4c52d4d3ac785e5d7627139311158487f3933dabff46ef736ad8e,46d36398c4d9c9865ba8ac58ad7718103971e49866070fa0377a08abb40171b7,5f4b36f940f3ddedb5d245e02fc86588fe6a3516370ba745ea063460abfba513,30,30,31,38,False
sympy__sympy-11897,dfbf610c0c8f77dfc249b731b08ced777b0c0e2c730902a3e8ca793f94c764be,cf093e313478f1e2b3bcedc2150c41b993d84fa7d80c30cbb393346788e0621d,b34b4ebf61a08af824bd0ba929bab9ef5c60c54d165c32ba2d9019cf25dfa2ad,a8862b6e2c6fc39c561c65dda33eae4ae7c737532101ea6fc950be7e7d299e9e,30,30,44,36,False
sympy__sympy-12171,1787f218a9f4aa049871feb414353f1ecff123c43177db626d96fda27ebecfa0,566566c05a3c3d81cc65b3b738e9a15eb0c234f0166b7f763101e91817158bb5,41a281aed9e47e7d0e913812eea0d38b614cc92a8743841ae0bce9f80bc1e0ac,cdd7eeaa25c9ca40537c0c374ad5a8091b067377c527f9ff2b786e0b72a233d6,30,30,38,32,False
sympy__sympy-12454,d5fdd6d4cadcaac262613c13b4b9df200280dce48ef15f6affccf136175f5be8,c6ad4803ae94b21a9640fd586d5971006b594f985b63bbc8065a007336ec51b6,3fda84461f4614525cbda6e287413e6cc92904677e883884592f756ff0cb6ba2,9fcb1b39ceb650e0c9021028a48e4d8bb7b6ce64a3259b0ca0d9478cf81606e4,30,30,37,29,False
sympy__sympy-12481,79ecde435fc5940f308979e38a01e6ee4b1eb31cb26a022c1e8857866074d0de,259304c99b922a707007ce1dbf52a7fe1e2ee8edfa01c8dfee3e0ddcbb779530,aa48943202eba60007ae025a2744b4a3c0b2b54c31f1caf249a084a52ccf73b7,20463dbe5b238325ef5c93fcf84ff48e179079fbe61826464f92abfca30471b9,30,30,65,50,False
sympy__sympy-13031,4f7673ee38878f0b7f9090df439f9dcf198c3f7c064280702de4b13f3b6e4ca0,3653ef1ce181919dacf5cc61023508be12d412164702b993cfa54ccdbf569a73,6735678296ab6c36e1d8ca76f09058c07d2998c45f93fb1a89ae86aae9807a1b,38b215e33986af78511f0ef437f01435b14ee6bc90cc79a487621687f80534d0,30,30,31,41,False
sympy__sympy-13043,ba9c37c402d6d1f2353ff06ef959887c62186dda39d1fbb96b7a7dcd953875c7,de20708e3839650b422c8f6328be209805d73ce9a01069edd6a1f30cc576b25b,6a067a76c8c0a46d3241336dc99a00d4e66860979bf44653ed02ec9aebd79207,74d7b8a55d65ad0c59083fa854e95a50ea2cafa367a2a461d0542b84211b2056,30,30,31,32,False
sympy__sympy-13177,516f034b22c5bd5ac1f8c3374de141606ee297f76e69ed015126688c0cc065fb,f3a62cdd9078429df22362e1a133d818eb1768a6f85414e101ec3f83f589db55,ac295dce0892db2885f3875ffce44345c10cffa574d42668307789cfbe08e93f,b5f0f42c42c8bfdbaa906d02f22a1807f537a343d4e4af014ddc26e8e5453153,30,30,33,31,False
sympy__sympy-13437,c3f5be4fc8f4446ab235f44b3edcf0e06356a7a8ad991b02f37a669e2ed7ffa4,91b87d061ab7e621be2cc72c560a058aa566acaf2290db340e743f1564bcfa1d,3635e9447187d86c38a13e669163dfb5c1a677191a3d6585a22e41eaee14f0f4,aef72e28d897dc4c7a9d08110686f964a26f0e1da016d8ddeda79063cfb7b92f,30,30,34,33,False
sympy__sympy-13471,044ae3ecb31f1e17bcb34c8f1ce72f6070425bc0e0dc1107f3d10cd0f6999caa,5d8590574e5f5ec6b51bdbd8a3253b153ec18b37752f68302e28afb7cce77e1c,280f5458eb877a8efd8f27ff6972813a4126a257ce31681c3fc0339a63f79d7c,395c357f4fe4a9565a17d4cdebd38c68764ff35ccad45f3402e346fb49132d78,30,30,77,49,False
sympy__sympy-13480,59e02b5d2bcc6c64f978d1d4b90ce1fa13b5d7ea45899b29e9422e6ba1a10343,04d161714e3961392acb91ee0903d99693f3243966f096adeb4f12e03b13a7b6,3593623e87aa3c6d9bce1c90b8249b12886958b54e3f6c9a417c1a6411156ea5,b59ad1680c31f227f760374c2a6d656245788b282fb9a12f3308a51a4194dbb9,30,30,36,30,False
sympy__sympy-13647,299e1694d80fd3ce578b5c39b4b6263d2d99a5ec7e71506c8588ce31683cddcb,6109ce0e2474360aa15020f1602ee5e9d0745221a92554cd78b5d41a4ea51132,a43af95355f83cc7972b079f24a136dc2d0491bc6b669ca126ed6224b6e8652a,fccfb6bc486b5829e4355d4d24027f1665499ccb3f7b29c7d197a30a960265cb,30,30,30,30,False
sympy__sympy-13915,2c6fa484c634f24b96c2cc0a824f88d16c5c21bcec8fa949debfef7c9986d5e2,278073a26f128dd4b0803a105becddc9ea85d33e9887eca4f35e4e75c83b3401,898f42914e8dedf69ac2ba13b4b1f9f19b7b0e79bc50582a9ec90050466bedcd,04d715ef2c940e36c9b0217cde26385b518118563e50532cd19b503412376c9d,30,6,40,8,False
sympy__sympy-13971,1ac7418a53dab314aa18033f1c5124754be121f4e2c0810655b0c28f21700b8e,66dd011c607fddf54c3b26dcaaadd192d8b359f9bc4050ee2699c72fc3c7b389,ef709334521fa2f4d6b0d17ef0f16304bdd33d6c51c10181a4944069dac794a7,34023d59f662cb426de8e4481597fc4a5ab1957121f4d79fff18529fd6725d4c,30,30,31,30,False
sympy__sympy-14308,97afc60c10a6f34a82c0be2537662a43c1d13c1a080c930f99dcec67d81e9068,2164f10273f28ca51c96b92c1a08666c98f21f920324de747484b1f4cd49e2da,86623718be33bf1dfa3c747552b2f73a04b940fe18acd2025636f1743f2abe23,5b8be693b05b9d1c9ec6d331c6703e4a5bea8a47bf9f5dc92846f4a4e147844c,30,30,39,42,False
sympy__sympy-14317,d8a0a89533b7a7c748a6ca4726bfcb4f360c33afd0531b7ff48fea8bf47e704b,c617161780e47bd4d9433212282f1b3946f171a242b5eaa4dd77c57f2723fc5a,b395b19e91ec9954dce848675d34c5b7779f746ad22d448991f06a7820b4edb4,10959ef066d079583d0ad32d9a44f73d3ca75894f078d373771c11c2c057f345,30,30,38,41,False
sympy__sympy-14396,d1c5bf181f617833c17b2a96e82a618cc205674246422d6d05db489372d6d889,c219b09f76cd82265e01a8af0f0addf3d62f3ea2782d8aaf449b71816f059462,95742861111927c602aec4498a49943403601c3b1fe16916c119d434a49d8406,1e85d275bb553755476a5cd2d5851efb22af4e9ce8fc1d6a3efeff5913944751,30,30,35,37,False
sympy__sympy-14774,7ac1f057de2b1607475a3c22ac74963d012d976cada4e5be0c802b48f0339e80,7d558d9a0c64b731ff852db15fdc8a12c97534310cf7f5d168f83e1009e1a7bf,3a229ea03c522fc0bdf0df7c36a5b6f45b311ef4d416dbeead72081e5a0af20b,2854e4cba4a1fcd2c4d9fafa3501ee461dc4dcb844bf5c4fa1432212d868fd94,5,30,5,30,False
sympy__sympy-14817,42affbb65e8359de21cfbcf7e842d76bb157d452765d8127ac37da1e5917cb85,7cedfcfe1e79b3a14be6275ea70bfb4443ad6a1db56a4709e6311800930a637c,5d69bcb8f18763f19e0821bbff62b19bf90c966b8098e2a84f3936a1c7b1fe8a,6e7e6fa34a13bffb435a825f8faa008387700c52b02887fe6aa5d20af661cc87,30,30,33,32,False
sympy__sympy-15011,5febf406f3cb59f2a508dfb91ebb4705ff68a272d03d669d7ca7c92aa5f7a221,95549a6f6feef4cb63cb6987faac7f322916b57670b1582c101b9149ad1bbdd7,fb9482ad80b5fd19be3310614fc2f3a8a7650ff361bf78876878ffbe65456555,238a947439c36143b5271f54feea439c7ccf1259b70c9de6f97bff5816c31ada,30,6,33,7,False
sympy__sympy-15345,6b29fc98389e36c5dccbd3efd61afea647115ca24395c4fe8891cdcbf954d613,8b5072d9d010efaab7a6af5eac8a78d55662f23212f80b6451caf74496699f09,39a64de150b95d436fa24b75cea3dd032cf7aa2e41708d24618a42d4c383718a,7f27301f1a1e81be58b08e68689a17d554bd71739c9ce603dbf1ccb5399712b5,30,30,37,37,False
sympy__sympy-15678,78fb84fda9d71fe642e3fcc3bfbb345b189ca926f6d0694a0692655ddcdc5e9f,34f30bd60d92c01428e2c2f6830a20c9cecaf38adbc66a79e08e9077336d72b0,4ccce45f5328c00c0b1e185be56ca1cecf10cc2d404cba13ce5a792a4e2860d8,bffa541d31535d95af49c93773d10692f4ed8dee2e58019c431cfb4baeb75ffa,30,30,34,32,False
sympy__sympy-16106,a7d5a5d7060fecfdd1128eff69c806e695cf22a3e105b553ea732acf837430ce,b4303cc4948a418d7fa5cd56db7762c01bb40de85a4221847c361a64356f815e,4c59e563ccbebdcd7c6730d619135e28c8816cf8175ba65922da8d5dece01a42,35e3e4498f6c857f7b09a423b195753d0ee87ee02ff59220a3533e8f505c3910,30,30,31,40,False
sympy__sympy-16281,10ab7f0a80c691a0e12eb454ae394748a7a7c57b51bf8cd7ff6a9b5d854fa701,209ae4cd2d272dadd45bb9c47bf951c7680b66217bd195c230c1fe9fdd377d24,9eff31638571a1da6f79a0769a0582c14001157be805d15e3d2f2c7e626769a4,ada644da5cc68f225d659bde68858c4e47a07656b1f68b11be6d728be169fb5e,30,30,35,36,False
sympy__sympy-16792,fa5c5b56048a9f4d625772719c5b9d1b33a8dc1b095b2cdc87f6c0f5f5f6d927,809ec453c565842d820f1c8ec873ada453be5ec63affb77663c5c606a45d1dc4,a1ad450620cb48c18f7578ce9be2368e9e60e5d9f10ada8ee8d6f4fa10c20f2f,64df82f7e776aae1e5564de1a8daace468983c79a0a746382ee2f1cdb96d9e77,30,30,33,31,False
sympy__sympy-16988,374f8727c158d75f0a04dec247ca78c8ca6986fde9968fd9cc50ad6927c30dae,31fd142c0098d38d61290998cb5f9096f7542a5c99d34fa455ff9a907c847bb5,afd03880b8c8ef673a0306e151f0b5a9c548c18795f58666a9a7bb576f9c927b,3aac185d46da5f47adc18005c406a4c36758d826453e1e6105c1033c7b31fffe,30,30,36,33,False
sympy__sympy-17139,b5c7eb1fecce71f36d92bdb316f751fa1d66ddaac82b19ae6aacc9c4a1355fee,ab97c9cb6ed96666d68b3f69bb46e6efaa5a791fdb67a355696422e371afe8fa,77d7bf65690f04256a6f79ca1018209cc18ce67c592ae2c21bc9706c3093b768,b4a96d2a59a34c8ae06756f6e9fd667c0ffb13e9d9884c65e16cf055ea6ad0b5,30,30,34,29,False
sympy__sympy-17630,c0976bba64ec22a02b9404c8486f27f153a9ad92ae963e411c433f758a471862,731a657668061ea67f5cd6d29976734a97c83f0b74270a93d9f6913a479b93ee,0ab31706cdcc46c69bc32def1531e0f09afbc0238779146aedf92a611f643c14,d779c89d76a350fcbb9f73917d7fdcb2ec45f58de8ff21789490de988da946ea,30,30,32,32,False
sympy__sympy-17655,84898da88f5f0a18caba3020d65eff37b66b8e86e9fac2e2161a5005c8fba19d,07709c42bb7ee345e1413b2f03a4271c6af2c16b2487f8aef07fea578f261070,1e36b668738d839d3048cf953b22bea3e27f1cfb4b5b86874be2ebc005b02ba6,fecd414ed6ac3c63d4f79648e921f70323e34e6e1ec77ed4a8a6bf62debfef7c,30,30,37,35,False
sympy__sympy-18057,9263974ff2705a394b075de713dbc493c3a32ec01bb78680463b8ed044995311,ba65a59c7519a73fb6d48aa81bc13695fa2e6f1c5db95f76fc9c2913efd94b19,4a3c435bf7b98a2649b01368e6dc5e74bd2e6e115fef3fe66062b3f73a6d7f69,b0295c14b2a78c65aaaad2e7dfdee78bc4f3a0e06f442e65bdf7ca7a1dc354a9,30,30,34,32,False
sympy__sympy-18087,9024e6c5423fa7b06afae62ba5f91b5c7a06a886cfe799a77707f9c527f9af2b,9b0887ef3c119944c1133fe9e3849cd804bed55d0d7abde6de77536e563a0d28,5c32f0793e104e6c85a642f89404bc55af9fd853a9ef42c2ab6f2bf19ac853c5,64321a88436775b1df2f4d92573ca6aa364e191ce93275f34e2dc7a225d33ce2,30,30,32,35,False
sympy__sympy-18189,9e36d21196800734ceead347646d7172c24e80adc52c04a313a3b8ed34030671,2b25d06a8bf5bf18e12ea03cd544406eb4acc6b88ef3f8ee0b13af2d0027a6a6,f90b3684da1b76ee870e6df976825ac27a7ecc2328c86527b72b930fdaf801a2,5dcba0b873b74e96d1b0e085c94b3e2f4fc90d675d1c1f846949f6a5f49e5d28,30,30,49,42,False
sympy__sympy-18199,0b491c94203debc2cbc7bed96159326537e710df20689378b0d2be81ed494d73,0cd7cbbac11bc58d3dc91302ba9e8fd42338432a3663730281b94a4f21b5c4ac,d71db23f2d31503415094f903ce86b7363a452efa74f195c6236c9f6e618bcd4,dc25c5bdaa94fac207192bf184ba28f61e0f80e392ef246983e89681d93a5d4d,30,30,33,32,False
sympy__sympy-18621,b08b9d06e54afbb2f81ad35bd7e0c2eb6399fbc9cf97245c89635736bf13fcf4,3a28e5920b20d98ba2671a0e2c6d473611fc976901767291f7d43d705bceb9b3,884130c817b43994f8c5fa4263fcc96d92a2ab974d2ac5ed5489c8632eb96bb8,6ee5ad34dddf213ec1aeca963050c3fa0a11edff3706136b83060ab708e06eda,30,30,37,36,False
sympy__sympy-18698,747ccc8551da0d1d8d537ac6f7e888f44f55c2e4f31d7139a8c3ea8b54cd203f,e7646b75c567a2be35d6b1626876720c844dbc17a2008e06cf0f44f37b361500,63b7076dcd5784af9c5d22dbbdf3c340d7b2c9b28a21f18eed2e1af3f73ef2be,57d945739200907a5ded9fa9db3f7c7679fcca40ed08e3a780827e2cd65d1878,30,30,38,34,False
sympy__sympy-18835,a9f8f08f071d054ea87c65c88ead98144c55bfe360a4fa675b70f7aa1428130d,8f623923fe0d4c1ab8f2c29ce462acc28c42dd4fe99efe969b5ea245e7de5ad1,3462fa76f7b1aa122caa95bea2fff4043893ae0c66e9ab1753305e913c1e8e87,3f9319386f7ccc8e324b81dee2b4a87627331edcf2e29075adea4bbae13c3b6d,30,30,35,30,False
sympy__sympy-19007,b2aac14a741a8bab92e33d5100c17f8482078703b5bc44ddb19f24b2f535a8db,ee7fb491ddf7222f129e8fba2ed18825f4befbc34cac6a95953b031f1180c166,50141c71ac262b5158b66bbdf459f66081e84fd8bbd1cb8e194285e8be8b6cd1,5e401276be0db3031317a321aae590c7e794d8a1301e462afa1b3394a5744f14,30,30,32,31,False
sympy__sympy-19254,123259a98e6169a5ef0d88590cd1feaeea76c3478364548d026891e233094b58,b6d0ee1239a7f08470c2eda560ec656bb84ca6fc5a471052ea732e07a30d7716,534bd7a562f3c683fab9cf43856068a1d541113fca7f4ee798bfb77ac2a40cf8,fd396d0ffa4c9924ce72a5bcb44aabbeffc383ded48ed81df7a26e6c9c4371c9,30,30,33,39,False
sympy__sympy-20154,36c825f0c9c6b5d6f63fab41b6865b2152bb0641723a9e259c7d9019464b9b87,a6206e5b1414fb27d37e35160f6df3e7a3b15021118029312ce824f27532277e,0339b48eb1caf3afc65ff8f2433b9cb6265f275c8baf62a918c57ece8fbaa6cc,e9f8cc526cef803a485e9b23a6a6ee9f62bf28b66597804302a4447d596ab00a,30,30,39,32,False
sympy__sympy-20212,4c31a10cdc90faca84f25d2aeea5a0b169152bb10bf436d935d52ad8861aa635,ff9aa40532f3f7e32ee5aa902c0fff5171cce8fe2b74eb83d75dac430c3ea614,7575678402e1ffedfc00362f2efc8211e02ae8bcf48c812e282c4131723c8c0b,16a3d21433e7099b287b663f73987041f5991f738a2bf96a506b15f35c8206fc,30,30,43,43,False
sympy__sympy-20442,abe2f78242bd48afdade1c156ddafb2dfeae85d7869ce65851343f96b949c41e,38eec73ce3e6a1da13c26acc86bf2705f717b3ebc8d4904e84bfd5a36cf9366e,bd48d9b11d6fa4007ea37d0aba769bb43877c0bd4df1b03ca984891fc1a036fa,8a742bf43f4784ca1702a17ecdf0667461185f97bfcfcd7dd5a635223f098a2a,30,30,35,29,False
sympy__sympy-20590,620b1d21d10ed5bb0e2f31ef140f571a2c45caec691356b834ce0d99f4783714,029fa5ace01ea7a3ff2db5083eb52c0076abe7474e4d6e875fd24d10adc212e9,aca803ee861fcc0e6ed12ac066a4b5437fcf80652454b363e1785c9c7ddb2966,244c3040162c789ec2d823e7b80378a9959e59810f8d02812615e7774d9edfe4,30,30,34,36,False
sympy__sympy-20639,d93302c3b70488c975e4acc4f5778f93bcb66040cdd8b2fc492d39c37ed9e9bc,542109288262d49c0405218914108f07eee338a8c82dff5a9c420fdb52085c91,4c900e5484861b51f063269257c303ccd3f36d76cb822c32d2090558ebe56a2c,43e881fb7a15e5ad7c36853d760b4996634f41ab802c74d8e026234df87457a3,30,30,35,39,False
sympy__sympy-21055,ba2414177b528ce9b53aed6e6a55e95e7ef8e437c5cf800f2aa8f74c9626a92a,ab5ec01d17566de99e6a25533ca7709e0b72c696b7f41f5fa241ad983bae2181,d4837d76eee83be45a1ad5fe6ae06f2ee98c16bd1a9a64fa66ecf728d69919f6,49143df132db2679f55428487c5d057fc8b98e6fae48e88fd94c421b7c01cfd9,30,30,32,33,False
sympy__sympy-21171,8045c6c39a88e4f8321e00b1e3cfeaab7ad412b9c89202de57f94d945215daee,600b07c7a31f1b0cdc60dc57939197f51095a9f9f46780220d8ab9723e4bbd06,003f3b7f408f38541e9732a4b485cb407266837fdb271b586c353085bf21fab7,2e70f6368772ed1e5243c3aa0c7184d58b81dc0d74446e57b17b385d715361c1,30,30,35,30,False
sympy__sympy-21379,68d8d7b26ea7245a656f4a575e0d3f3e67ebc775beff1fdc834a9306f7e0696c,d7b3d78d080edcba0b46df333c56bfa5240df74f447c13719061ccdcbd37cd6d,1499dff8bb87fc3d2922233e8f531870ffb52d9b21922eeeec01d71084a28b95,254f9c682e7a0441026d1a194918e69f883490be253fddd6499d8dde4cf0ff05,19,30,26,38,False
sympy__sympy-22840,df626cda352249292851ae8d66ee94b010c84401da92f2805c7eef3b8d829d18,1fab9fd1162d37529f69ea23f9d1e8488fdc2ea20aecd67ab43c30ef067dee8b,dfca631fd34880846e822ba6561f8a70a925079e0ab40e67e7fe98cfe12634ff,ca944a59b923a1840d750df9d831e82c9f2e4d0d13d3c298f1c2a15b84e015ad,30,30,33,34,False
