instance,source,local,sha256,present,usage,original_local,original_sha256,cleared_credential_fields
django__django-11001,/mnt/disk2/dyp/d-overlayfs/traces/swe-search/qwen3-coder-30b-p-eagle-ms/mcts-iter30/django__django-11001/trajectory.json,paper/figure-08/data/inputs/fork-primitive/django__django-11001/trajectory.json,7418a71e79704ab2ea240a77aea89515f8abc0002e94f01f24bcf3d9704d2f60,True,"trajectory loaded into donor heap; fork primitive, not full action replay",traces/supplement/79-20260920/d-overlayfs/traces/swe-search/qwen3-coder-30b-p-eagle-ms/mcts-iter30/django__django-11001/trajectory.json,7418a71e79704ab2ea240a77aea89515f8abc0002e94f01f24bcf3d9704d2f60,0
django__django-13448,/mnt/disk2/dyp/d-overlayfs/traces/swe-search/qwen3-coder-30b-p-eagle-ms/mcts-iter30/django__django-13448/trajectory.json,paper/figure-08/data/inputs/fork-primitive/django__django-13448/trajectory.json,3843223556519025b58bcdfae5e6fce89013ed09d3f2de6863a44e8d56f70f6f,True,"trajectory loaded into donor heap; fork primitive, not full action replay",traces/supplement/79-20260920/d-overlayfs/traces/swe-search/qwen3-coder-30b-p-eagle-ms/mcts-iter30/django__django-13448/trajectory.json,3843223556519025b58bcdfae5e6fce89013ed09d3f2de6863a44e8d56f70f6f,0
django__django-14672,/mnt/disk2/dyp/d-overlayfs/traces/swe-search/qwen3-coder-30b-p-eagle-ms/mcts-iter30/django__django-14672/trajectory.json,paper/figure-08/data/inputs/fork-primitive/django__django-14672/trajectory.json,ead6727dea4aae4de198a90c9a3d9dd31d53e2b50bcd38e85a93ce8c42482c1d,True,"trajectory loaded into donor heap; fork primitive, not full action replay",traces/supplement/79-20260920/d-overlayfs/traces/swe-search/qwen3-coder-30b-p-eagle-ms/mcts-iter30/django__django-14672/trajectory.json,ead6727dea4aae4de198a90c9a3d9dd31d53e2b50bcd38e85a93ce8c42482c1d,0
sympy__sympy-17630,/mnt/disk2/dyp/d-overlayfs/traces/swe-search/qwen3-coder-30b-p-eagle-ms/mcts-iter30/sympy__sympy-17630/trajectory.json,paper/figure-08/data/inputs/fork-primitive/sympy__sympy-17630/trajectory.json,559294072fd0674f4b9254e6f7abeee6230d118da93928487fb88438d8dbedea,True,"trajectory loaded into donor heap; fork primitive, not full action replay",traces/supplement/79-20260920/d-overlayfs/traces/swe-search/qwen3-coder-30b-p-eagle-ms/mcts-iter30/sympy__sympy-17630/trajectory.json,559294072fd0674f4b9254e6f7abeee6230d118da93928487fb88438d8dbedea,0
sympy__sympy-21171,/mnt/disk2/dyp/d-overlayfs/traces/swe-search/qwen3-coder-30b-p-eagle-ms/mcts-iter30/sympy__sympy-21171/trajectory.json,paper/figure-08/data/inputs/fork-primitive/sympy__sympy-21171/trajectory.json,9ca3933a383a8b72351a9af1627fe61dfe1c20c7f6155e17eb691605baa68f2a,True,"trajectory loaded into donor heap; fork primitive, not full action replay",traces/supplement/79-20260920/d-overlayfs/traces/swe-search/qwen3-coder-30b-p-eagle-ms/mcts-iter30/sympy__sympy-21171/trajectory.json,9ca3933a383a8b72351a9af1627fe61dfe1c20c7f6155e17eb691605baa68f2a,0
sympy__sympy-22840,/mnt/disk2/dyp/d-overlayfs/traces/swe-search/qwen3-coder-30b-p-eagle-ms/mcts-iter30/sympy__sympy-22840/trajectory.json,paper/figure-08/data/inputs/fork-primitive/sympy__sympy-22840/trajectory.json,8a442ad00e107f4d4b397229a341979d14963d65f9c6db8cd256421ee344414e,True,"trajectory loaded into donor heap; fork primitive, not full action replay",traces/supplement/79-20260920/d-overlayfs/traces/swe-search/qwen3-coder-30b-p-eagle-ms/mcts-iter30/sympy__sympy-22840/trajectory.json,8a442ad00e107f4d4b397229a341979d14963d65f9c6db8cd256421ee344414e,0
pydata__xarray-4094,/mnt/disk2/dyp/d-overlayfs/traces/swe-search/qwen3-coder-30b-p-eagle-ms/mcts-iter30/pydata__xarray-4094/trajectory.json,paper/figure-08/data/inputs/fork-primitive/pydata__xarray-4094/trajectory.json,ae8e55b8f262429f5b4585a5db093b19f6aca6c2a5bea5c41ca86728be104ff4,True,"trajectory loaded into donor heap; fork primitive, not full action replay",traces/supplement/79-20260920/d-overlayfs/traces/swe-search/qwen3-coder-30b-p-eagle-ms/mcts-iter30/pydata__xarray-4094/trajectory.json,ae8e55b8f262429f5b4585a5db093b19f6aca6c2a5bea5c41ca86728be104ff4,0
pydata__xarray-4493,/mnt/disk2/dyp/d-overlayfs/traces/swe-search/qwen3-coder-30b-p-eagle-ms/mcts-iter30/pydata__xarray-4493/trajectory.json,paper/figure-08/data/inputs/fork-primitive/pydata__xarray-4493/trajectory.json,ee04cb87181aab10c1bea05a2096aa319f309f8b03b969e7894280a0787f1955,True,"trajectory loaded into donor heap; fork primitive, not full action replay",traces/supplement/79-20260920/d-overlayfs/traces/swe-search/qwen3-coder-30b-p-eagle-ms/mcts-iter30/pydata__xarray-4493/trajectory.json,ee04cb87181aab10c1bea05a2096aa319f309f8b03b969e7894280a0787f1955,0
pydata__xarray-5131,/mnt/disk2/dyp/d-overlayfs/traces/swe-search/qwen3-coder-30b-p-eagle-ms/mcts-iter30/pydata__xarray-5131/trajectory.json,paper/figure-08/data/inputs/fork-primitive/pydata__xarray-5131/trajectory.json,750f6dd647b979f34d0ec5fd4a9974490884005c04e868dd124a192a4946b5b3,True,"trajectory loaded into donor heap; fork primitive, not full action replay",traces/supplement/79-20260920/d-overlayfs/traces/swe-search/qwen3-coder-30b-p-eagle-ms/mcts-iter30/pydata__xarray-5131/trajectory.json,750f6dd647b979f34d0ec5fd4a9974490884005c04e868dd124a192a4946b5b3,0
