instance,source,local,sha256,present
astropy__astropy-6938,/mnt/disk2/dyp/d-overlayfs/traces/swe-search/qwen3-coder-30b-vllm18086/profile50-native-mcts30-20260609_015241/astropy__astropy-6938/trajectory.json,traces/raw/history-20260625/search_mcts_trajectories/traces/swe-search/qwen3-coder-30b-vllm18086/profile50-native-mcts30-20260609_015241/astropy__astropy-6938/trajectory.json,673f2ce3d3b5dc8a08c5ee52625f82494ce68d2ab7abc7ae2038a0633e77e4ed,True
django__django-10914,/mnt/disk2/dyp/d-overlayfs/traces/swe-search/qwen3-coder-30b-vllm18086/profile50-native-mcts30-20260609_015241/django__django-10914/trajectory.json,traces/raw/history-20260625/search_mcts_trajectories/traces/swe-search/qwen3-coder-30b-vllm18086/profile50-native-mcts30-20260609_015241/django__django-10914/trajectory.json,573f193cfc88c8812b2c2333844576e9d3e1a6837bde0e97be1967dcac00ca73,True
matplotlib__matplotlib-18869,/mnt/disk2/dyp/d-overlayfs/traces/swe-search/qwen3-coder-30b-vllm18086/profile50-native-mcts30-20260609_015241/matplotlib__matplotlib-18869/trajectory.json,traces/raw/history-20260625/search_mcts_trajectories/traces/swe-search/qwen3-coder-30b-vllm18086/profile50-native-mcts30-20260609_015241/matplotlib__matplotlib-18869/trajectory.json,89bcb8e5cf8b0dae0f675f6b29c58aef00ec90d41664a0203fc01c3ed954ce1c,True
mwaskom__seaborn-3010,/mnt/disk2/dyp/d-overlayfs/traces/swe-search/qwen3-coder-30b-vllm18086/profile50-native-mcts30-20260609_015241/mwaskom__seaborn-3010/trajectory.json,traces/raw/history-20260625/search_mcts_trajectories/traces/swe-search/qwen3-coder-30b-vllm18086/profile50-native-mcts30-20260609_015241/mwaskom__seaborn-3010/trajectory.json,88748a3aa6cb0540cbdefa50934cd9c055f4ece354f1f7a6e834a2756bce604f,True
pallets__flask-4045,/mnt/disk2/dyp/d-overlayfs/traces/swe-search/qwen3-coder-30b-vllm18086/profile50-native-mcts30-20260609_015241/pallets__flask-4045/trajectory.json,traces/raw/history-20260625/search_mcts_trajectories/traces/swe-search/qwen3-coder-30b-vllm18086/profile50-native-mcts30-20260609_015241/pallets__flask-4045/trajectory.json,e3db60514da3862b2915adf41d98ed5e478090a5b96ec4958390446c19159c7f,True
psf__requests-863,/mnt/disk2/dyp/d-overlayfs/traces/swe-search/qwen3-coder-30b-vllm18086/profile50-native-mcts30-20260609_015241/psf__requests-863/trajectory.json,traces/raw/history-20260625/search_mcts_trajectories/traces/swe-search/qwen3-coder-30b-vllm18086/profile50-native-mcts30-20260609_015241/psf__requests-863/trajectory.json,5ea9aa47c69b42febb11e0e018c0f2b8548e2f4b3969d0a94798041ec0f59c1c,True
pydata__xarray-3364,/mnt/disk2/dyp/d-overlayfs/traces/swe-search/qwen3-coder-30b-vllm18086/profile50-native-mcts30-20260609_015241/pydata__xarray-3364/trajectory.json,traces/raw/history-20260625/search_mcts_trajectories/traces/swe-search/qwen3-coder-30b-vllm18086/profile50-native-mcts30-20260609_015241/pydata__xarray-3364/trajectory.json,ceb742279b5bc812211f80c826c5c0ea91af9412273182f9445cc40ecba9946a,True
pylint-dev__pylint-5859,/mnt/disk2/dyp/d-overlayfs/traces/swe-search/qwen3-coder-30b-vllm18086/profile50-native-mcts30-20260609_015241/pylint-dev__pylint-5859/trajectory.json,traces/raw/history-20260625/search_mcts_trajectories/traces/swe-search/qwen3-coder-30b-vllm18086/profile50-native-mcts30-20260609_015241/pylint-dev__pylint-5859/trajectory.json,55c0d60bbefb1bb0970efa0bbdaedfb682f46fbe4aca6f51f7c7f5140351779f,True
pytest-dev__pytest-5103,/mnt/disk2/dyp/d-overlayfs/traces/swe-search/qwen3-coder-30b-vllm18086/profile50-native-mcts30-20260609_015241/pytest-dev__pytest-5103/trajectory.json,traces/raw/history-20260625/search_mcts_trajectories/traces/swe-search/qwen3-coder-30b-vllm18086/profile50-native-mcts30-20260609_015241/pytest-dev__pytest-5103/trajectory.json,ab60b00f01ca4ee0620915222b827550bc4809f1fc452fe80280ce57eff6cb78,True
scikit-learn__scikit-learn-10297,/mnt/disk2/dyp/d-overlayfs/traces/swe-search/qwen3-coder-30b-vllm18086/profile50-native-mcts30-20260609_015241/scikit-learn__scikit-learn-10297/trajectory.json,traces/raw/history-20260625/search_mcts_trajectories/traces/swe-search/qwen3-coder-30b-vllm18086/profile50-native-mcts30-20260609_015241/scikit-learn__scikit-learn-10297/trajectory.json,5ab56b84c3fdeaa275e2c821bbd23dad447262c5b72ab9b8947d5fd0c1067323,True
sphinx-doc__sphinx-7686,/mnt/disk2/dyp/d-overlayfs/traces/swe-search/qwen3-coder-30b-vllm18086/profile50-native-mcts30-20260609_015241/sphinx-doc__sphinx-7686/trajectory.json,traces/raw/history-20260625/search_mcts_trajectories/traces/swe-search/qwen3-coder-30b-vllm18086/profile50-native-mcts30-20260609_015241/sphinx-doc__sphinx-7686/trajectory.json,f5fea5025fb95e4c44d76867a42526fb45be85fcc7849d62ae2c4e65a55f4ed4,True
sympy__sympy-11400,/mnt/disk2/dyp/d-overlayfs/traces/swe-search/qwen3-coder-30b-vllm18086/profile50-native-mcts30-20260609_015241/sympy__sympy-11400/trajectory.json,traces/raw/history-20260625/search_mcts_trajectories/traces/swe-search/qwen3-coder-30b-vllm18086/profile50-native-mcts30-20260609_015241/sympy__sympy-11400/trajectory.json,5ed16d0d1867b494c41a3007173745297f5f3074abee450aa86149a3eaa45261,True
astropy__astropy-7746,/mnt/disk2/dyp/d-overlayfs/traces/swe-search/qwen3-coder-30b-vllm18086/profile50-native-mcts30-20260609_015241/astropy__astropy-7746/trajectory.json,traces/raw/history-20260625/search_mcts_trajectories/traces/swe-search/qwen3-coder-30b-vllm18086/profile50-native-mcts30-20260609_015241/astropy__astropy-7746/trajectory.json,8bfc4d289af7f13f7f7eaa6e6489d7bc06913d45b9cddcfa5f9e47aeae161692,True
django__django-10924,/mnt/disk2/dyp/d-overlayfs/traces/swe-search/qwen3-coder-30b-vllm18086/profile50-native-mcts30-20260609_015241/django__django-10924/trajectory.json,traces/raw/history-20260625/search_mcts_trajectories/traces/swe-search/qwen3-coder-30b-vllm18086/profile50-native-mcts30-20260609_015241/django__django-10924/trajectory.json,4f804f1ca1f244f0efc00fe6460e360598129f6d9228536dfa77417e41059ab7,True
matplotlib__matplotlib-22711,/mnt/disk2/dyp/d-overlayfs/traces/swe-search/qwen3-coder-30b-vllm18086/profile50-native-mcts30-20260609_015241/matplotlib__matplotlib-22711/trajectory.json,traces/raw/history-20260625/search_mcts_trajectories/traces/swe-search/qwen3-coder-30b-vllm18086/profile50-native-mcts30-20260609_015241/matplotlib__matplotlib-22711/trajectory.json,89b743c829fdeb2b193023cc291d38d5aa84cd05a4aa3a9bea1652b97c32bd90,True
mwaskom__seaborn-3190,/mnt/disk2/dyp/d-overlayfs/traces/swe-search/qwen3-coder-30b-vllm18086/profile50-native-mcts30-20260609_015241/mwaskom__seaborn-3190/trajectory.json,traces/raw/history-20260625/search_mcts_trajectories/traces/swe-search/qwen3-coder-30b-vllm18086/profile50-native-mcts30-20260609_015241/mwaskom__seaborn-3190/trajectory.json,50e549ae85ed0c87538f01deb7833a76b1cb5bdaa190fa926f694cff8a943d7e,True
pallets__flask-5063,/mnt/disk2/dyp/d-overlayfs/traces/swe-search/qwen3-coder-30b-vllm18086/profile50-native-mcts30-20260609_015241/pallets__flask-5063/trajectory.json,traces/raw/history-20260625/search_mcts_trajectories/traces/swe-search/qwen3-coder-30b-vllm18086/profile50-native-mcts30-20260609_015241/pallets__flask-5063/trajectory.json,465a7c88c5d2a59d3c8efbab7b37157238c837928c41eeb7767d40a47775bcef,True
psf__requests-1963,/mnt/disk2/dyp/d-overlayfs/traces/swe-search/qwen3-coder-30b-vllm18086/profile50-native-mcts30-20260609_015241/psf__requests-1963/trajectory.json,traces/raw/history-20260625/search_mcts_trajectories/traces/swe-search/qwen3-coder-30b-vllm18086/profile50-native-mcts30-20260609_015241/psf__requests-1963/trajectory.json,6de8c4bd3c646fa74e2f50337ee97fe591543eb71b291d41bb9490ee73a709f5,True
pydata__xarray-4094,/mnt/disk2/dyp/d-overlayfs/traces/swe-search/qwen3-coder-30b-vllm18086/profile50-native-mcts30-20260609_015241/pydata__xarray-4094/trajectory.json,traces/raw/history-20260625/search_mcts_trajectories/traces/swe-search/qwen3-coder-30b-vllm18086/profile50-native-mcts30-20260609_015241/pydata__xarray-4094/trajectory.json,36bdc90eb2f72087d007125c5b41d692cbd29444f209df428a378f40f9c31313,True
pylint-dev__pylint-6506,/mnt/disk2/dyp/d-overlayfs/traces/swe-search/qwen3-coder-30b-vllm18086/profile50-native-mcts30-20260609_015241/pylint-dev__pylint-6506/trajectory.json,traces/raw/history-20260625/search_mcts_trajectories/traces/swe-search/qwen3-coder-30b-vllm18086/profile50-native-mcts30-20260609_015241/pylint-dev__pylint-6506/trajectory.json,d306c1f8b2cb6a9c588b70e8c6d7a938164dced6c9ce073379483bd00722ca1a,True
pytest-dev__pytest-5221,/mnt/disk2/dyp/d-overlayfs/traces/swe-search/qwen3-coder-30b-vllm18086/profile50-native-mcts30-20260609_015241/pytest-dev__pytest-5221/trajectory.json,traces/raw/history-20260625/search_mcts_trajectories/traces/swe-search/qwen3-coder-30b-vllm18086/profile50-native-mcts30-20260609_015241/pytest-dev__pytest-5221/trajectory.json,22dc1565e594e7e12c8aee80ab767a1202e4fc77c05e9bc6aac4eaa84f0101da,True
scikit-learn__scikit-learn-10508,/mnt/disk2/dyp/d-overlayfs/traces/swe-search/qwen3-coder-30b-vllm18086/profile50-native-mcts30-20260609_015241/scikit-learn__scikit-learn-10508/trajectory.json,traces/raw/history-20260625/search_mcts_trajectories/traces/swe-search/qwen3-coder-30b-vllm18086/profile50-native-mcts30-20260609_015241/scikit-learn__scikit-learn-10508/trajectory.json,5fa2fc3942aa7da8b8071557850650a023831cede8f620af06f7d06cfb7e2615,True
sphinx-doc__sphinx-7738,/mnt/disk2/dyp/d-overlayfs/traces/swe-search/qwen3-coder-30b-vllm18086/profile50-native-mcts30-20260609_015241/sphinx-doc__sphinx-7738/trajectory.json,traces/raw/history-20260625/search_mcts_trajectories/traces/swe-search/qwen3-coder-30b-vllm18086/profile50-native-mcts30-20260609_015241/sphinx-doc__sphinx-7738/trajectory.json,37ec4d6b9bb6880d50382f574a758e55148337e3a7f87380f4da93a57024b855,True
sympy__sympy-11870,/mnt/disk2/dyp/d-overlayfs/traces/swe-search/qwen3-coder-30b-vllm18086/profile50-native-mcts30-20260609_015241/sympy__sympy-11870/trajectory.json,traces/raw/history-20260625/search_mcts_trajectories/traces/swe-search/qwen3-coder-30b-vllm18086/profile50-native-mcts30-20260609_015241/sympy__sympy-11870/trajectory.json,e5cab89237a838f7b6cadeddee2fcec8581c867f9ba82c95357f7d023539a119,True
astropy__astropy-12907,/mnt/disk2/dyp/d-overlayfs/traces/swe-search/qwen3-coder-30b-vllm18086/profile50-native-mcts30-20260609_015241/astropy__astropy-12907/trajectory.json,traces/raw/history-20260625/search_mcts_trajectories/traces/swe-search/qwen3-coder-30b-vllm18086/profile50-native-mcts30-20260609_015241/astropy__astropy-12907/trajectory.json,5d00cdda4c31850dd054f5be74630458fdb787604f57bdd76bacb8684b3bec5b,True
django__django-11039,/mnt/disk2/dyp/d-overlayfs/traces/swe-search/qwen3-coder-30b-vllm18086/profile50-native-mcts30-20260609_015241/django__django-11039/trajectory.json,traces/raw/history-20260625/search_mcts_trajectories/traces/swe-search/qwen3-coder-30b-vllm18086/profile50-native-mcts30-20260609_015241/django__django-11039/trajectory.json,e7d7cd7917c3bf6c8a2d48ce0ca426b348f28f46de1ce569ae7e59039cd76830,True
matplotlib__matplotlib-22835,/mnt/disk2/dyp/d-overlayfs/traces/swe-search/qwen3-coder-30b-vllm18086/profile50-native-mcts30-20260609_015241/matplotlib__matplotlib-22835/trajectory.json,traces/raw/history-20260625/search_mcts_trajectories/traces/swe-search/qwen3-coder-30b-vllm18086/profile50-native-mcts30-20260609_015241/matplotlib__matplotlib-22835/trajectory.json,d7512eb402bb69bd0bb5e9f166f078209d7322e1bc53424593dc28b70a570a90,True
mwaskom__seaborn-3407,/mnt/disk2/dyp/d-overlayfs/traces/swe-search/qwen3-coder-30b-vllm18086/profile50-native-mcts30-20260609_015241/mwaskom__seaborn-3407/trajectory.json,traces/raw/history-20260625/search_mcts_trajectories/traces/swe-search/qwen3-coder-30b-vllm18086/profile50-native-mcts30-20260609_015241/mwaskom__seaborn-3407/trajectory.json,65434d749660d166ad49e85104994c96c8ce545b34b6b3bbb5d732f146b9ef4c,True
psf__requests-2148,/mnt/disk2/dyp/d-overlayfs/traces/swe-search/qwen3-coder-30b-vllm18086/profile50-native-mcts30-20260609_015241/psf__requests-2148/trajectory.json,traces/raw/history-20260625/search_mcts_trajectories/traces/swe-search/qwen3-coder-30b-vllm18086/profile50-native-mcts30-20260609_015241/psf__requests-2148/trajectory.json,befb61be34a8d06ff7d46bb3e9b7775cdd6d357021018198f8fb2bbd69cb3c94,True
pydata__xarray-4248,/mnt/disk2/dyp/d-overlayfs/traces/swe-search/qwen3-coder-30b-vllm18086/profile50-native-mcts30-20260609_015241/pydata__xarray-4248/trajectory.json,traces/raw/history-20260625/search_mcts_trajectories/traces/swe-search/qwen3-coder-30b-vllm18086/profile50-native-mcts30-20260609_015241/pydata__xarray-4248/trajectory.json,40759e9c0600e5d358729403c8c86f6c40c565dcb6d85323705a618b887f0d7f,True
